<?xml version="1.0" encoding="utf-8"?>
<COLLADA xmlns="http://www.collada.org/2005/11/COLLADASchema" version="1.4.0">
  <asset>
    <contributor>
      <author></author>
      <authoring_tool>FBX COLLADA exporter</authoring_tool>
      <comments></comments>
    </contributor>
    <created>2018-12-13T23:27:58Z</created>
    <modified>2018-12-13T23:27:58Z</modified>
    <revision></revision>
    <title></title>
    <subject></subject>
    <keywords></keywords>
    <unit meter="1.000000"/>
    <up_axis>Y_UP</up_axis>
  </asset>
  <library_images>
    <image id="Map__5-image" name="Map__5">
      <init_from>file://N:\M n B\_MESH\S mesh\Switch\SwitchMainAlbedo.png</init_from>
    </image>
    <image id="Map__9-image" name="Map__9">
      <init_from>file://N:\M n B\_MESH\S mesh\Switch\SwitchMainMetal.png</init_from>
    </image>
    <image id="Map__6-image" name="Map__6">
      <init_from>file://N:\M n B\_MESH\S mesh\Switch\SwitchMainRough.png</init_from>
    </image>
    <image id="Map__0-image" name="Map__0">
      <init_from>file://N:\M n B\_MESH\S mesh\Switch\SwitchHandleAlbedo.png</init_from>
    </image>
    <image id="Map__4-image" name="Map__4">
      <init_from>file://N:\M n B\_MESH\S mesh\Switch\SwitchHandleMetal.png</init_from>
    </image>
    <image id="Map__1-image" name="Map__1">
      <init_from>file://N:\M n B\_MESH\S mesh\Switch\SwitchHandleRough.png</init_from>
    </image>
  </library_images>
  <library_materials>
    <material id="SwitchMain" name="SwitchMain">
      <instance_effect url="#SwitchMain-fx"/>
    </material>
    <material id="SwitchHandle" name="SwitchHandle">
      <instance_effect url="#SwitchHandle-fx"/>
    </material>
  </library_materials>
  <library_effects>
    <effect id="SwitchMain-fx" name="SwitchMain">
      <profile_COMMON>
        <technique sid="standard">
          <phong>
            <emission>
              <color sid="emission">0.000000  0.000000 0.000000 1.000000</color>
            </emission>
            <ambient>
              <color sid="ambient">1.000000  1.000000 1.000000 1.000000</color>
            </ambient>
            <diffuse>
              <texture texture="Map__5-image" texcoord="CHANNEL0">
                <extra>
                  <technique profile="MAYA">
                    <wrapU sid="wrapU0">TRUE</wrapU>
                    <wrapV sid="wrapV0">TRUE</wrapV>
                    <blend_mode>ADD</blend_mode>
                  </technique>
                </extra>
              </texture>
            </diffuse>
            <specular>
              <texture texture="Map__6-image" texcoord="CHANNEL0">
                <extra>
                  <technique profile="MAYA">
                    <wrapU sid="wrapU0">TRUE</wrapU>
                    <wrapV sid="wrapV0">TRUE</wrapV>
                    <blend_mode>ADD</blend_mode>
                  </technique>
                </extra>
              </texture>
            </specular>
            <shininess>
              <float sid="shininess">2.000000</float>
            </shininess>
            <reflective>
              <texture texture="Map__9-image" texcoord="CHANNEL0">
                <extra>
                  <technique profile="MAYA">
                    <wrapU sid="wrapU0">TRUE</wrapU>
                    <wrapV sid="wrapV0">TRUE</wrapV>
                    <blend_mode>ADD</blend_mode>
                  </technique>
                </extra>
              </texture>
            </reflective>
            <reflectivity>
              <float sid="reflectivity">1.000000</float>
            </reflectivity>
            <transparent>
              <color sid="transparent">1.000000  1.000000 1.000000 1.000000</color>
            </transparent>
            <transparency>
              <float sid="transparency">0.000000</float>
            </transparency>
          </phong>
        </technique>
      </profile_COMMON>
    </effect>
    <effect id="SwitchHandle-fx" name="SwitchHandle">
      <profile_COMMON>
        <technique sid="standard">
          <phong>
            <emission>
              <color sid="emission">0.000000  0.000000 0.000000 1.000000</color>
            </emission>
            <ambient>
              <color sid="ambient">1.000000  1.000000 1.000000 1.000000</color>
            </ambient>
            <diffuse>
              <texture texture="Map__0-image" texcoord="CHANNEL0">
                <extra>
                  <technique profile="MAYA">
                    <wrapU sid="wrapU0">TRUE</wrapU>
                    <wrapV sid="wrapV0">TRUE</wrapV>
                    <blend_mode>ADD</blend_mode>
                  </technique>
                </extra>
              </texture>
            </diffuse>
            <specular>
              <texture texture="Map__1-image" texcoord="CHANNEL0">
                <extra>
                  <technique profile="MAYA">
                    <wrapU sid="wrapU0">TRUE</wrapU>
                    <wrapV sid="wrapV0">TRUE</wrapV>
                    <blend_mode>ADD</blend_mode>
                  </technique>
                </extra>
              </texture>
            </specular>
            <shininess>
              <float sid="shininess">2.000000</float>
            </shininess>
            <reflective>
              <texture texture="Map__4-image" texcoord="CHANNEL0">
                <extra>
                  <technique profile="MAYA">
                    <wrapU sid="wrapU0">TRUE</wrapU>
                    <wrapV sid="wrapV0">TRUE</wrapV>
                    <blend_mode>ADD</blend_mode>
                  </technique>
                </extra>
              </texture>
            </reflective>
            <reflectivity>
              <float sid="reflectivity">1.000000</float>
            </reflectivity>
            <transparent>
              <color sid="transparent">1.000000  1.000000 1.000000 1.000000</color>
            </transparent>
            <transparency>
              <float sid="transparency">0.000000</float>
            </transparency>
          </phong>
        </technique>
      </profile_COMMON>
    </effect>
  </library_effects>
  <library_geometries>
    <geometry id="SwitchMain-lib" name="SwitchMainMesh">
      <mesh>
        <source id="SwitchMain-lib-Position">
          <float_array id="SwitchMain-lib-Position-array" count="1764">
-0.842825 0.224914 -1.296541
1.033473 0.224914 -1.296540
-0.842825 0.224914 1.433323
1.033473 0.224914 1.433323
-0.842825 -0.038326 -1.296541
1.033473 -0.038326 -1.296540
-0.842825 -0.038326 1.433323
1.033473 -0.038326 1.433323
0.472384 -0.036000 0.232305
0.788934 -0.036000 0.232305
0.472384 -0.036000 1.118511
0.788934 -0.036000 1.118511
0.472384 -0.068708 0.232305
0.788934 -0.068708 0.232305
0.472384 -0.068708 1.118511
0.788934 -0.068708 1.118511
0.518737 -0.067780 0.329988
0.746517 -0.067780 0.329988
0.746517 -0.067780 1.020828
0.518737 -0.067780 1.020828
0.592651 -0.067780 0.329988
0.672602 -0.067780 0.329988
0.672602 -0.067780 1.020828
0.592651 -0.067780 1.020828
0.746517 -0.275850 0.329988
0.746517 -0.275850 1.020828
0.694337 -0.275850 1.020828
0.694337 -0.275850 0.329988
0.518737 -0.275850 0.329988
0.570916 -0.275850 0.329988
0.570916 -0.275850 1.020828
0.518737 -0.275850 1.020828
0.630659 -0.104776 1.069675
0.630659 -0.099837 1.088111
0.621441 -0.099837 1.085641
0.614694 -0.099837 1.078893
0.612224 -0.099837 1.069675
0.614694 -0.099837 1.060458
0.621441 -0.099837 1.053710
0.630659 -0.099837 1.051240
0.639877 -0.099837 1.053710
0.646625 -0.099837 1.060458
0.649094 -0.099837 1.069675
0.646625 -0.099837 1.078893
0.639877 -0.099837 1.085641
0.630659 -0.086341 1.101606
0.614694 -0.086341 1.097328
0.603006 -0.086341 1.085641
0.598728 -0.086341 1.069675
0.603006 -0.086341 1.053710
0.614694 -0.086341 1.042022
0.630659 -0.086341 1.037744
0.646624 -0.086341 1.042022
0.658312 -0.086341 1.053710
0.662590 -0.086341 1.069675
0.658312 -0.086341 1.085641
0.646625 -0.086341 1.097328
0.630659 -0.067906 1.106546
0.612224 -0.067906 1.101606
0.598728 -0.067906 1.088111
0.593788 -0.067906 1.069675
0.598728 -0.067906 1.051240
0.612224 -0.067906 1.037744
0.630659 -0.067906 1.032805
0.649094 -0.067906 1.037744
0.662590 -0.067906 1.051240
0.667530 -0.067906 1.069675
0.662590 -0.067906 1.088111
0.649094 -0.067906 1.101606
0.630659 -0.104776 0.281067
0.630659 -0.099837 0.299502
0.621441 -0.099837 0.297033
0.614694 -0.099837 0.290285
0.612224 -0.099837 0.281067
0.614694 -0.099837 0.271849
0.621441 -0.099837 0.265102
0.630659 -0.099837 0.262632
0.639877 -0.099837 0.265102
0.646624 -0.099837 0.271849
0.649094 -0.099837 0.281067
0.646624 -0.099837 0.290285
0.639877 -0.099837 0.297033
0.630659 -0.086341 0.312998
0.614694 -0.086341 0.308720
0.603006 -0.086341 0.297033
0.598728 -0.086341 0.281067
0.603006 -0.086341 0.265102
0.614694 -0.086341 0.253414
0.630659 -0.086341 0.249136
0.646624 -0.086341 0.253414
0.658312 -0.086341 0.265102
0.662590 -0.086341 0.281067
0.658312 -0.086341 0.297033
0.646624 -0.086341 0.308720
0.630659 -0.067906 0.317938
0.612224 -0.067906 0.312998
0.598728 -0.067906 0.299502
0.593788 -0.067906 0.281067
0.598728 -0.067906 0.262632
0.612224 -0.067906 0.249136
0.630659 -0.067906 0.244196
0.649094 -0.067906 0.249136
0.662590 -0.067906 0.262632
0.667530 -0.067906 0.281067
0.662590 -0.067906 0.299502
0.649094 -0.067906 0.312998
-0.591921 -0.036000 0.232305
-0.275371 -0.036000 0.232305
-0.591922 -0.036000 1.118511
-0.275371 -0.036000 1.118511
-0.591921 -0.068708 0.232305
-0.275371 -0.068708 0.232305
-0.591922 -0.068708 1.118511
-0.275371 -0.068708 1.118511
-0.545569 -0.067780 0.329988
-0.317789 -0.067780 0.329988
-0.317789 -0.067780 1.020828
-0.545569 -0.067780 1.020828
-0.471654 -0.067780 0.329988
-0.391703 -0.067780 0.329988
-0.391703 -0.067780 1.020828
-0.471654 -0.067780 1.020828
-0.317789 -0.275850 0.329988
-0.317789 -0.275850 1.020828
-0.369968 -0.275850 1.020828
-0.369968 -0.275850 0.329988
-0.545569 -0.275850 0.329988
-0.493390 -0.275850 0.329988
-0.493390 -0.275850 1.020828
-0.545569 -0.275850 1.020828
-0.433646 -0.104776 1.069675
-0.433646 -0.099837 1.088111
-0.442864 -0.099837 1.085641
-0.449612 -0.099837 1.078893
-0.452082 -0.099837 1.069675
-0.449612 -0.099837 1.060458
-0.442864 -0.099837 1.053710
-0.433646 -0.099837 1.051240
-0.424429 -0.099837 1.053710
-0.417681 -0.099837 1.060458
-0.415211 -0.099837 1.069675
-0.417681 -0.099837 1.078893
-0.424429 -0.099837 1.085641
-0.433646 -0.086341 1.101606
-0.449612 -0.086341 1.097328
-0.461299 -0.086341 1.085641
-0.465577 -0.086341 1.069675
-0.461299 -0.086341 1.053710
-0.449612 -0.086341 1.042022
-0.433646 -0.086341 1.037744
-0.417681 -0.086341 1.042022
-0.405993 -0.086341 1.053710
-0.401715 -0.086341 1.069675
-0.405993 -0.086341 1.085641
-0.417681 -0.086341 1.097328
-0.433646 -0.067906 1.106546
-0.452082 -0.067906 1.101606
-0.465577 -0.067906 1.088111
-0.470517 -0.067906 1.069675
-0.465577 -0.067906 1.051240
-0.452082 -0.067906 1.037744
-0.433646 -0.067906 1.032805
-0.415211 -0.067906 1.037744
-0.401715 -0.067906 1.051240
-0.396776 -0.067906 1.069675
-0.401715 -0.067906 1.088111
-0.415211 -0.067906 1.101606
-0.433646 -0.104776 0.281067
-0.433646 -0.099837 0.299502
-0.442864 -0.099837 0.297033
-0.449612 -0.099837 0.290285
-0.452082 -0.099837 0.281067
-0.449612 -0.099837 0.271849
-0.442864 -0.099837 0.265102
-0.433646 -0.099837 0.262632
-0.424429 -0.099837 0.265102
-0.417681 -0.099837 0.271849
-0.415211 -0.099837 0.281067
-0.417681 -0.099837 0.290285
-0.424429 -0.099837 0.297033
-0.433646 -0.086341 0.312998
-0.449612 -0.086341 0.308720
-0.461299 -0.086341 0.297033
-0.465577 -0.086341 0.281067
-0.461299 -0.086341 0.265102
-0.449612 -0.086341 0.253414
-0.433646 -0.086341 0.249136
-0.417681 -0.086341 0.253414
-0.405993 -0.086341 0.265102
-0.401715 -0.086341 0.281067
-0.405993 -0.086341 0.297033
-0.417681 -0.086341 0.308720
-0.433646 -0.067906 0.317938
-0.452082 -0.067906 0.312998
-0.465577 -0.067906 0.299502
-0.470517 -0.067906 0.281067
-0.465577 -0.067906 0.262632
-0.452082 -0.067906 0.249136
-0.433646 -0.067906 0.244196
-0.415211 -0.067906 0.249136
-0.401715 -0.067906 0.262632
-0.396776 -0.067906 0.281067
-0.401715 -0.067906 0.299502
-0.415211 -0.067906 0.312998
-0.591922 -0.036000 -1.179247
-0.275371 -0.036000 -1.179247
-0.591922 -0.036000 -0.554581
-0.275371 -0.036000 -0.554581
-0.591922 -0.068708 -1.179247
-0.275371 -0.068708 -1.179247
-0.591922 -0.068708 -0.554581
-0.275371 -0.068708 -0.554581
-0.533539 -0.067780 -1.081564
-0.331783 -0.067780 -1.081564
-0.331783 -0.067780 -0.652264
-0.533539 -0.067780 -0.652264
-0.480890 -0.067780 -1.081564
-0.384432 -0.067780 -1.081564
-0.384432 -0.067780 -0.652264
-0.480890 -0.067780 -0.652264
-0.331783 -0.216520 -1.081564
-0.331783 -0.216520 -0.652264
-0.383963 -0.216520 -0.652264
-0.383963 -0.216520 -1.081564
-0.533539 -0.216520 -1.081564
-0.481359 -0.216520 -1.081564
-0.481359 -0.216520 -0.652264
-0.533539 -0.216520 -0.652264
-0.433646 -0.104776 -0.603417
-0.433646 -0.099837 -0.584981
-0.442864 -0.099837 -0.587451
-0.449612 -0.099837 -0.594199
-0.452082 -0.099837 -0.603417
-0.449612 -0.099837 -0.612634
-0.442864 -0.099837 -0.619382
-0.433646 -0.099837 -0.621852
-0.424429 -0.099837 -0.619382
-0.417681 -0.099837 -0.612634
-0.415211 -0.099837 -0.603417
-0.417681 -0.099837 -0.594199
-0.424429 -0.099837 -0.587451
-0.433646 -0.086341 -0.571486
-0.449612 -0.086341 -0.575764
-0.461299 -0.086341 -0.587451
-0.465577 -0.086341 -0.603417
-0.461299 -0.086341 -0.619382
-0.449612 -0.086341 -0.631070
-0.433647 -0.086341 -0.635348
-0.417681 -0.086341 -0.631070
-0.405993 -0.086341 -0.619382
-0.401715 -0.086341 -0.603417
-0.405993 -0.086341 -0.587451
-0.417681 -0.086341 -0.575764
-0.433646 -0.067906 -0.566546
-0.452082 -0.067906 -0.571486
-0.465577 -0.067906 -0.584981
-0.470517 -0.067906 -0.603417
-0.465577 -0.067906 -0.621852
-0.452082 -0.067906 -0.635348
-0.433647 -0.067906 -0.640287
-0.415211 -0.067906 -0.635348
-0.401716 -0.067906 -0.621852
-0.396776 -0.067906 -0.603417
-0.401715 -0.067906 -0.584981
-0.415211 -0.067906 -0.571486
-0.433646 -0.104776 -1.130485
-0.433646 -0.099836 -1.112050
-0.442864 -0.099836 -1.114520
-0.449612 -0.099836 -1.121268
-0.452082 -0.099836 -1.130485
-0.449612 -0.099836 -1.139703
-0.442864 -0.099836 -1.146451
-0.433646 -0.099836 -1.148921
-0.424429 -0.099836 -1.146451
-0.417681 -0.099836 -1.139703
-0.415211 -0.099836 -1.130485
-0.417681 -0.099836 -1.121268
-0.424429 -0.099836 -1.114520
-0.433646 -0.086341 -1.098555
-0.449612 -0.086341 -1.102832
-0.461299 -0.086341 -1.114520
-0.465577 -0.086341 -1.130485
-0.461299 -0.086341 -1.146451
-0.449612 -0.086341 -1.158138
-0.433647 -0.086341 -1.162416
-0.417681 -0.086341 -1.158138
-0.405993 -0.086341 -1.146451
-0.401715 -0.086341 -1.130485
-0.405993 -0.086341 -1.114520
-0.417681 -0.086341 -1.102832
-0.433646 -0.067906 -1.093615
-0.452082 -0.067906 -1.098555
-0.465577 -0.067906 -1.112050
-0.470517 -0.067906 -1.130485
-0.465577 -0.067906 -1.148921
-0.452082 -0.067906 -1.162416
-0.433647 -0.067906 -1.167356
-0.415211 -0.067906 -1.162416
-0.401716 -0.067906 -1.148921
-0.396776 -0.067906 -1.130485
-0.401715 -0.067906 -1.112050
-0.415211 -0.067906 -1.098555
-0.331783 -0.259940 -1.040586
-0.331783 -0.296605 -0.953750
-0.331783 -0.308381 -0.866914
-0.331783 -0.296605 -0.780078
-0.331783 -0.259940 -0.693243
-0.383963 -0.259940 -0.693243
-0.383963 -0.296605 -0.780079
-0.383963 -0.308381 -0.866914
-0.383963 -0.296605 -0.953750
-0.383963 -0.259940 -1.040586
-0.481359 -0.259940 -1.040586
-0.481359 -0.296605 -0.953750
-0.481359 -0.308381 -0.866914
-0.481359 -0.296605 -0.780079
-0.481359 -0.259940 -0.693243
-0.533539 -0.259940 -0.693243
-0.533539 -0.296605 -0.780079
-0.533539 -0.308381 -0.866914
-0.533539 -0.296605 -0.953750
-0.533539 -0.259940 -1.040586
0.472442 -0.036000 -1.179826
0.788993 -0.036000 -1.179826
0.472442 -0.036000 -0.555160
0.788993 -0.036000 -0.555160
0.472442 -0.068708 -1.179826
0.788993 -0.068708 -1.179826
0.472442 -0.068708 -0.555160
0.788993 -0.068708 -0.555160
0.532109 -0.067780 -1.082143
0.732491 -0.067780 -1.082143
0.732491 -0.067780 -0.652843
0.532109 -0.067780 -0.652843
0.584758 -0.067780 -1.082143
0.679842 -0.067780 -1.082143
0.679842 -0.067780 -0.652843
0.584758 -0.067780 -0.652843
0.732491 -0.216520 -1.082143
0.732491 -0.216520 -0.652843
0.680312 -0.216520 -0.652843
0.680312 -0.216520 -1.082143
0.532109 -0.216520 -1.082143
0.584288 -0.216520 -1.082143
0.584288 -0.216520 -0.652843
0.532109 -0.216520 -0.652843
0.630717 -0.104776 -0.603995
0.630717 -0.099837 -0.585560
0.621500 -0.099837 -0.588030
0.614752 -0.099837 -0.594778
0.612282 -0.099837 -0.603995
0.614752 -0.099837 -0.613213
0.621500 -0.099837 -0.619961
0.630717 -0.099837 -0.622431
0.639935 -0.099837 -0.619961
0.646683 -0.099837 -0.613213
0.649153 -0.099837 -0.603995
0.646683 -0.099837 -0.594778
0.639935 -0.099837 -0.588030
0.630717 -0.086341 -0.572064
0.614752 -0.086341 -0.576342
0.603064 -0.086341 -0.588030
0.598786 -0.086341 -0.603995
0.603064 -0.086341 -0.619961
0.614752 -0.086341 -0.631648
0.630717 -0.086341 -0.635926
0.646683 -0.086341 -0.631648
0.658370 -0.086341 -0.619961
0.662648 -0.086341 -0.603995
0.658370 -0.086341 -0.588030
0.646683 -0.086341 -0.576342
0.630717 -0.067906 -0.567125
0.612282 -0.067906 -0.572064
0.598786 -0.067906 -0.585560
0.593847 -0.067906 -0.603995
0.598786 -0.067906 -0.622431
0.612282 -0.067906 -0.635926
0.630717 -0.067906 -0.640866
0.649153 -0.067906 -0.635926
0.662648 -0.067906 -0.622431
0.667588 -0.067906 -0.603995
0.662648 -0.067906 -0.585560
0.649153 -0.067906 -0.572064
0.630717 -0.104776 -1.131064
0.630717 -0.099836 -1.112629
0.621500 -0.099836 -1.115099
0.614752 -0.099836 -1.121846
0.612282 -0.099836 -1.131064
0.614752 -0.099836 -1.140282
0.621500 -0.099836 -1.147030
0.630717 -0.099836 -1.149499
0.639935 -0.099836 -1.147030
0.646683 -0.099836 -1.140282
0.649153 -0.099836 -1.131064
0.646683 -0.099836 -1.121846
0.639935 -0.099836 -1.115099
0.630717 -0.086341 -1.099133
0.614752 -0.086341 -1.103411
0.603064 -0.086341 -1.115099
0.598786 -0.086341 -1.131064
0.603064 -0.086341 -1.147030
0.614752 -0.086341 -1.158717
0.630717 -0.086341 -1.162995
0.646683 -0.086341 -1.158717
0.658370 -0.086341 -1.147030
0.662648 -0.086341 -1.131064
0.658370 -0.086341 -1.115099
0.646683 -0.086341 -1.103411
0.630717 -0.067906 -1.094193
0.612282 -0.067906 -1.099133
0.598786 -0.067906 -1.112629
0.593847 -0.067906 -1.131064
0.598786 -0.067906 -1.149499
0.612282 -0.067906 -1.162995
0.630717 -0.067906 -1.167935
0.649153 -0.067906 -1.162995
0.662648 -0.067906 -1.149499
0.667588 -0.067906 -1.131064
0.662648 -0.067906 -1.112629
0.649153 -0.067906 -1.099133
0.732491 -0.259940 -1.041165
0.732491 -0.296605 -0.954329
0.732491 -0.308381 -0.867493
0.732491 -0.296605 -0.780657
0.732491 -0.259940 -0.693821
0.680312 -0.259940 -0.693821
0.680312 -0.296605 -0.780657
0.680312 -0.308381 -0.867493
0.680312 -0.296605 -0.954329
0.680312 -0.259940 -1.041165
0.584288 -0.259940 -1.041165
0.584288 -0.296605 -0.954329
0.584288 -0.308381 -0.867493
0.584288 -0.296605 -0.780657
0.584288 -0.259940 -0.693821
0.532109 -0.259940 -0.693821
0.532109 -0.296605 -0.780657
0.532109 -0.308381 -0.867493
0.532109 -0.296605 -0.954329
0.532109 -0.259940 -1.041165
-0.569378 -0.223413 -0.867203
-0.564438 -0.223413 -0.848767
-0.564438 -0.214195 -0.851237
-0.564438 -0.207447 -0.857985
-0.564438 -0.204977 -0.867203
-0.564438 -0.207447 -0.876421
-0.564438 -0.214195 -0.883168
-0.564438 -0.223413 -0.885638
-0.564438 -0.232630 -0.883168
-0.564438 -0.239378 -0.876421
-0.564438 -0.241848 -0.867203
-0.564438 -0.239378 -0.857985
-0.564438 -0.232630 -0.851237
-0.550942 -0.223413 -0.835272
-0.550942 -0.207447 -0.839550
-0.550942 -0.195760 -0.851237
-0.550942 -0.191482 -0.867203
-0.550942 -0.195760 -0.883168
-0.550942 -0.207447 -0.894856
-0.550942 -0.223413 -0.899134
-0.550942 -0.239378 -0.894856
-0.550942 -0.251066 -0.883168
-0.550942 -0.255344 -0.867203
-0.550942 -0.251066 -0.851237
-0.550942 -0.239378 -0.839550
-0.532507 -0.223413 -0.830332
-0.532507 -0.204977 -0.835272
-0.532507 -0.191482 -0.848767
-0.532507 -0.186542 -0.867203
-0.532507 -0.191482 -0.885638
-0.532507 -0.204977 -0.899134
-0.532507 -0.223413 -0.904073
-0.532507 -0.241848 -0.899134
-0.532507 -0.255344 -0.885638
-0.532507 -0.260283 -0.867203
-0.532507 -0.255344 -0.848767
-0.532507 -0.241848 -0.835272
-0.295484 -0.223413 -0.867203
-0.300424 -0.223413 -0.848767
-0.300424 -0.232630 -0.851237
-0.300424 -0.239378 -0.857985
-0.300424 -0.241848 -0.867203
-0.300424 -0.239378 -0.876421
-0.300424 -0.232630 -0.883168
-0.300424 -0.223413 -0.885638
-0.300424 -0.214195 -0.883168
-0.300424 -0.207447 -0.876421
-0.300424 -0.204977 -0.867203
-0.300424 -0.207447 -0.857985
-0.300424 -0.214195 -0.851237
-0.313919 -0.223413 -0.835272
-0.313919 -0.239378 -0.839550
-0.313919 -0.251066 -0.851237
-0.313919 -0.255344 -0.867203
-0.313919 -0.251066 -0.883168
-0.313919 -0.239378 -0.894855
-0.313919 -0.223413 -0.899134
-0.313919 -0.207447 -0.894855
-0.313919 -0.195760 -0.883168
-0.313919 -0.191482 -0.867203
-0.313919 -0.195760 -0.851237
-0.313919 -0.207447 -0.839550
-0.332355 -0.223413 -0.830332
-0.332355 -0.241848 -0.835272
-0.332355 -0.255344 -0.848767
-0.332355 -0.260283 -0.867203
-0.332355 -0.255344 -0.885638
-0.332355 -0.241848 -0.899134
-0.332355 -0.223413 -0.904073
-0.332355 -0.204977 -0.899134
-0.332355 -0.191482 -0.885638
-0.332355 -0.186542 -0.867203
-0.332355 -0.191482 -0.848767
-0.332355 -0.204977 -0.835272
0.496140 -0.223413 -0.867203
0.501080 -0.223413 -0.848767
0.501080 -0.214195 -0.851237
0.501080 -0.207447 -0.857985
0.501080 -0.204977 -0.867203
0.501080 -0.207447 -0.876421
0.501080 -0.214195 -0.883168
0.501080 -0.223413 -0.885638
0.501080 -0.232630 -0.883168
0.501080 -0.239378 -0.876421
0.501080 -0.241848 -0.867203
0.501080 -0.239378 -0.857985
0.501080 -0.232630 -0.851237
0.514575 -0.223413 -0.835271
0.514575 -0.207447 -0.839550
0.514575 -0.195760 -0.851237
0.514575 -0.191482 -0.867203
0.514575 -0.195760 -0.883168
0.514575 -0.207447 -0.894855
0.514575 -0.223413 -0.899133
0.514575 -0.239378 -0.894855
0.514575 -0.251066 -0.883168
0.514575 -0.255344 -0.867203
0.514575 -0.251066 -0.851237
0.514575 -0.239378 -0.839550
0.533011 -0.223413 -0.830332
0.533011 -0.204977 -0.835271
0.533011 -0.191482 -0.848767
0.533011 -0.186542 -0.867203
0.533011 -0.191482 -0.885638
0.533011 -0.204977 -0.899133
0.533011 -0.223413 -0.904073
0.533011 -0.241848 -0.899133
0.533011 -0.255344 -0.885638
0.533011 -0.260283 -0.867203
0.533011 -0.255344 -0.848767
0.533011 -0.241848 -0.835271
0.768660 -0.223413 -0.867203
0.763721 -0.223413 -0.848767
0.763721 -0.232630 -0.851237
0.763721 -0.239378 -0.857985
0.763721 -0.241848 -0.867203
0.763721 -0.239378 -0.876421
0.763721 -0.232630 -0.883168
0.763721 -0.223413 -0.885638
0.763721 -0.214195 -0.883168
0.763721 -0.207447 -0.876421
0.763721 -0.204977 -0.867203
0.763721 -0.207447 -0.857985
0.763721 -0.214195 -0.851237
0.750225 -0.223413 -0.835271
0.750225 -0.239378 -0.839550
0.750225 -0.251066 -0.851237
0.750225 -0.255343 -0.867203
0.750225 -0.251066 -0.883168
0.750225 -0.239378 -0.894855
0.750225 -0.223413 -0.899133
0.750225 -0.207447 -0.894855
0.750225 -0.195760 -0.883168
0.750225 -0.191482 -0.867203
0.750225 -0.195760 -0.851237
0.750225 -0.207447 -0.839550
0.731789 -0.223413 -0.830332
0.731789 -0.241848 -0.835271
0.731789 -0.255343 -0.848767
0.731789 -0.260283 -0.867203
0.731789 -0.255343 -0.885638
0.731789 -0.241848 -0.899133
0.731789 -0.223413 -0.904073
0.731789 -0.204977 -0.899133
0.731789 -0.191482 -0.885638
0.731789 -0.186542 -0.867203
0.731789 -0.191482 -0.848767
0.731789 -0.204977 -0.835271
</float_array>
          <technique_common>
            <accessor source="#SwitchMain-lib-Position-array" count="588" stride="3">
              <param name="X" type="float"/>
              <param name="Y" type="float"/>
              <param name="Z" type="float"/>
            </accessor>
          </technique_common>
        </source>
        <source id="SwitchMain-lib-Normal0">
          <float_array id="SwitchMain-lib-Normal0-array" count="8388">
0.000000 -1.000000 -0.000000
0.000000 -1.000000 -0.000000
0.000000 -1.000000 -0.000000
0.000000 -1.000000 -0.000000
0.000000 -1.000000 -0.000000
0.000000 -1.000000 -0.000000
0.000000 0.000000 -1.000000
0.000000 0.000000 -1.000000
0.000000 0.000000 -1.000000
0.000000 0.000000 -1.000000
0.000000 0.000000 -1.000000
0.000000 0.000000 -1.000000
1.000000 0.000000 0.000000
1.000000 0.000000 0.000000
1.000000 0.000000 0.000000
1.000000 0.000000 0.000000
1.000000 0.000000 0.000000
1.000000 0.000000 0.000000
0.000000 0.000000 1.000000
0.000000 0.000000 1.000000
0.000000 0.000000 1.000000
0.000000 0.000000 1.000000
0.000000 0.000000 1.000000
0.000000 0.000000 1.000000
-1.000000 -0.000000 0.000000
-1.000000 -0.000000 0.000000
-1.000000 -0.000000 0.000000
-1.000000 -0.000000 0.000000
-1.000000 -0.000000 0.000000
-1.000000 -0.000000 0.000000
0.000000 0.000000 -1.000000
0.000000 0.000000 -1.000000
0.000000 0.000000 -1.000000
0.000000 0.000000 -1.000000
0.000000 0.000000 -1.000000
0.000000 0.000000 -1.000000
1.000000 0.000000 0.000000
1.000000 0.000000 0.000000
1.000000 0.000000 0.000000
1.000000 0.000000 0.000000
1.000000 0.000000 0.000000
1.000000 0.000000 0.000000
0.000000 0.000000 1.000000
0.000000 0.000000 1.000000
0.000000 0.000000 1.000000
0.000000 0.000000 1.000000
0.000000 0.000000 1.000000
0.000000 0.000000 1.000000
-1.000000 0.000000 -0.000000
-1.000000 0.000000 -0.000000
-1.000000 0.000000 -0.000000
-1.000000 0.000000 -0.000000
-1.000000 0.000000 -0.000000
-1.000000 0.000000 -0.000000
0.000000 -1.000000 0.000000
0.000000 -1.000000 0.000000
0.000000 -1.000000 0.000000
0.000000 -1.000000 0.000000
0.000000 -1.000000 0.000000
0.000000 -1.000000 0.000000
0.000000 -1.000000 0.000000
0.000000 -1.000000 0.000000
0.000000 -1.000000 0.000000
0.000000 -1.000000 0.000000
0.000000 -1.000000 0.000000
0.000000 -1.000000 0.000000
1.000000 0.000000 0.000000
1.000000 0.000000 0.000000
1.000000 0.000000 0.000000
1.000000 0.000000 0.000000
1.000000 0.000000 0.000000
1.000000 0.000000 0.000000
0.000000 0.000000 1.000000
0.000000 0.000000 1.000000
0.000000 0.000000 1.000000
0.000000 0.000000 1.000000
0.000000 0.000000 1.000000
0.000000 0.000000 1.000000
-0.994588 -0.103894 -0.000000
-0.994588 -0.103894 -0.000000
-0.994588 -0.103894 -0.000000
-0.994588 -0.103895 -0.000000
-0.994588 -0.103895 -0.000000
-0.994588 -0.103895 -0.000000
0.000000 0.000000 -1.000000
0.000000 0.000000 -1.000000
0.000000 0.000000 -1.000000
0.000000 0.000000 -1.000000
0.000000 0.000000 -1.000000
0.000000 0.000000 -1.000000
0.000000 0.000000 -1.000000
0.000000 0.000000 -1.000000
0.000000 0.000000 -1.000000
0.000000 0.000000 -1.000000
0.000000 0.000000 -1.000000
0.000000 0.000000 -1.000000
0.994588 -0.103895 0.000000
0.994588 -0.103895 0.000000
0.994588 -0.103895 0.000000
0.994588 -0.103894 0.000000
0.994588 -0.103894 0.000000
0.994588 -0.103894 0.000000
0.000000 0.000000 1.000000
0.000000 0.000000 1.000000
0.000000 0.000000 1.000000
0.000000 0.000000 1.000000
0.000000 0.000000 1.000000
0.000000 0.000000 1.000000
-1.000000 0.000000 0.000000
-1.000000 0.000000 0.000000
-1.000000 0.000000 0.000000
-1.000000 0.000001 -0.000000
-1.000000 0.000001 -0.000000
-1.000000 0.000001 -0.000000
0.000000 -1.000000 0.000000
0.000003 -0.847433 0.530902
-0.265452 -0.847435 0.459770
0.000000 -1.000000 0.000000
-0.265452 -0.847435 0.459770
-0.459772 -0.847433 0.265456
0.000000 -1.000000 0.000000
-0.459772 -0.847433 0.265456
-0.530899 -0.847435 -0.000002
0.000000 -1.000000 0.000000
-0.530899 -0.847435 -0.000002
-0.459773 -0.847435 -0.265449
0.000000 -1.000000 0.000000
-0.459773 -0.847435 -0.265449
-0.265455 -0.847434 -0.459772
0.000000 -1.000000 0.000000
-0.265455 -0.847434 -0.459772
0.000001 -0.847435 -0.530899
0.000000 -1.000000 0.000000
0.000001 -0.847435 -0.530899
0.265451 -0.847434 -0.459773
0.000000 -1.000000 0.000000
0.265451 -0.847434 -0.459773
0.459773 -0.847435 -0.265447
0.000000 -1.000000 0.000000
0.459773 -0.847435 -0.265447
0.530899 -0.847435 -0.000000
0.000000 -1.000000 0.000000
0.530899 -0.847435 -0.000000
0.459774 -0.847434 0.265451
0.000000 -1.000000 0.000000
0.459774 -0.847434 0.265451
0.265445 -0.847436 0.459773
0.000000 -1.000000 0.000000
0.265445 -0.847436 0.459773
0.000003 -0.847433 0.530902
0.000003 -0.847433 0.530902
-0.000002 -0.482341 0.875984
-0.437988 -0.482339 0.758628
-0.437988 -0.482339 0.758628
-0.265452 -0.847435 0.459770
0.000003 -0.847433 0.530902
-0.265452 -0.847435 0.459770
-0.437988 -0.482339 0.758628
-0.758624 -0.482343 0.437989
-0.758624 -0.482343 0.437989
-0.459772 -0.847433 0.265456
-0.265452 -0.847435 0.459770
-0.459772 -0.847433 0.265456
-0.758624 -0.482343 0.437989
-0.875983 -0.482341 0.000002
-0.875983 -0.482341 0.000002
-0.530899 -0.847435 -0.000002
-0.459772 -0.847433 0.265456
-0.530899 -0.847435 -0.000002
-0.875983 -0.482341 0.000002
-0.758621 -0.482344 -0.437993
-0.758621 -0.482344 -0.437993
-0.459773 -0.847435 -0.265449
-0.530899 -0.847435 -0.000002
-0.459773 -0.847435 -0.265449
-0.758621 -0.482344 -0.437993
-0.437992 -0.482343 -0.758622
-0.437992 -0.482343 -0.758622
-0.265455 -0.847434 -0.459772
-0.459773 -0.847435 -0.265449
-0.265455 -0.847434 -0.459772
-0.437992 -0.482343 -0.758622
-0.000001 -0.482342 -0.875983
-0.000001 -0.482342 -0.875983
0.000001 -0.847435 -0.530899
-0.265455 -0.847434 -0.459772
0.000001 -0.847435 -0.530899
-0.000001 -0.482342 -0.875983
0.437992 -0.482343 -0.758622
0.437992 -0.482343 -0.758622
0.265451 -0.847434 -0.459773
0.000001 -0.847435 -0.530899
0.265451 -0.847434 -0.459773
0.437992 -0.482343 -0.758622
0.758624 -0.482341 -0.437993
0.758624 -0.482341 -0.437993
0.459773 -0.847435 -0.265447
0.265451 -0.847434 -0.459773
0.459773 -0.847435 -0.265447
0.758624 -0.482341 -0.437993
0.875983 -0.482341 0.000001
0.875983 -0.482341 0.000001
0.530899 -0.847435 -0.000000
0.459773 -0.847435 -0.265447
0.530899 -0.847435 -0.000000
0.875983 -0.482341 0.000001
0.758627 -0.482340 0.437989
0.758627 -0.482340 0.437989
0.459774 -0.847434 0.265451
0.530899 -0.847435 -0.000000
0.459774 -0.847434 0.265451
0.758627 -0.482340 0.437989
0.437990 -0.482339 0.758626
0.437990 -0.482339 0.758626
0.265445 -0.847436 0.459773
0.459774 -0.847434 0.265451
0.265445 -0.847436 0.459773
0.437990 -0.482339 0.758626
-0.000002 -0.482341 0.875984
-0.000002 -0.482341 0.875984
0.000003 -0.847433 0.530902
0.265445 -0.847436 0.459773
-0.000002 -0.482341 0.875984
-0.000003 -0.258818 0.965926
-0.482959 -0.258814 0.836520
-0.482959 -0.258814 0.836520
-0.437988 -0.482339 0.758628
-0.000002 -0.482341 0.875984
-0.437988 -0.482339 0.758628
-0.482959 -0.258814 0.836520
-0.836516 -0.258822 0.482962
-0.836516 -0.258822 0.482962
-0.758624 -0.482343 0.437989
-0.437988 -0.482339 0.758628
-0.758624 -0.482343 0.437989
-0.836516 -0.258822 0.482962
-0.965926 -0.258818 0.000002
-0.965926 -0.258818 0.000002
-0.875983 -0.482341 0.000002
-0.758624 -0.482343 0.437989
-0.875983 -0.482341 0.000002
-0.965926 -0.258818 0.000002
-0.836516 -0.258821 -0.482963
-0.836516 -0.258821 -0.482963
-0.758621 -0.482344 -0.437993
-0.875983 -0.482341 0.000002
-0.758621 -0.482344 -0.437993
-0.836516 -0.258821 -0.482963
-0.482960 -0.258825 -0.836516
-0.482960 -0.258825 -0.836516
-0.437992 -0.482343 -0.758622
-0.758621 -0.482344 -0.437993
-0.437992 -0.482343 -0.758622
-0.482960 -0.258825 -0.836516
-0.000002 -0.258819 -0.965926
-0.000002 -0.258819 -0.965926
-0.000001 -0.482342 -0.875983
-0.437992 -0.482343 -0.758622
-0.000001 -0.482342 -0.875983
-0.000002 -0.258819 -0.965926
0.482963 -0.258823 -0.836515
0.482963 -0.258823 -0.836515
0.437992 -0.482343 -0.758622
-0.000001 -0.482342 -0.875983
0.437992 -0.482343 -0.758622
0.482963 -0.258823 -0.836515
0.836516 -0.258820 -0.482963
0.836516 -0.258820 -0.482963
0.758624 -0.482341 -0.437993
0.437992 -0.482343 -0.758622
0.758624 -0.482341 -0.437993
0.836516 -0.258820 -0.482963
0.965927 -0.258816 -0.000000
0.965927 -0.258816 -0.000000
0.875983 -0.482341 0.000001
0.758624 -0.482341 -0.437993
0.875983 -0.482341 0.000001
0.965927 -0.258816 -0.000000
0.836514 -0.258820 0.482966
0.836514 -0.258820 0.482966
0.758627 -0.482340 0.437989
0.875983 -0.482341 0.000001
0.758627 -0.482340 0.437989
0.836514 -0.258820 0.482966
0.482965 -0.258812 0.836517
0.482965 -0.258812 0.836517
0.437990 -0.482339 0.758626
0.758627 -0.482340 0.437989
0.437990 -0.482339 0.758626
0.482965 -0.258812 0.836517
-0.000003 -0.258818 0.965926
-0.000003 -0.258818 0.965926
-0.000002 -0.482341 0.875984
0.437990 -0.482339 0.758626
0.000001 -1.000000 0.000000
0.000001 -0.847434 0.530900
-0.265451 -0.847434 0.459772
0.000001 -1.000000 0.000000
-0.265451 -0.847434 0.459772
-0.459773 -0.847435 0.265449
0.000001 -1.000000 0.000000
-0.459773 -0.847435 0.265449
-0.530900 -0.847435 -0.000000
0.000001 -1.000000 0.000000
-0.530900 -0.847435 -0.000000
-0.459774 -0.847435 -0.265448
0.000001 -1.000000 0.000000
-0.459774 -0.847435 -0.265448
-0.265451 -0.847434 -0.459773
0.000001 -1.000000 0.000000
-0.265451 -0.847434 -0.459773
0.000001 -0.847434 -0.530900
0.000001 -1.000000 0.000000
0.000001 -0.847434 -0.530900
0.265451 -0.847434 -0.459774
0.000001 -1.000000 0.000000
0.265451 -0.847434 -0.459774
0.459772 -0.847435 -0.265451
0.000001 -1.000000 0.000000
0.459772 -0.847435 -0.265451
0.530901 -0.847434 -0.000001
0.000001 -1.000000 0.000000
0.530901 -0.847434 -0.000001
0.459772 -0.847435 0.265451
0.000001 -1.000000 0.000000
0.459772 -0.847435 0.265451
0.265454 -0.847434 0.459772
0.000001 -1.000000 0.000000
0.265454 -0.847434 0.459772
0.000001 -0.847434 0.530900
0.000001 -0.847434 0.530900
0.000002 -0.482341 0.875983
-0.437993 -0.482342 0.758623
-0.437993 -0.482342 0.758623
-0.265451 -0.847434 0.459772
0.000001 -0.847434 0.530900
-0.265451 -0.847434 0.459772
-0.437993 -0.482342 0.758623
-0.758624 -0.482342 0.437991
-0.758624 -0.482342 0.437991
-0.459773 -0.847435 0.265449
-0.265451 -0.847434 0.459772
-0.459773 -0.847435 0.265449
-0.758624 -0.482342 0.437991
-0.875983 -0.482341 0.000000
-0.875983 -0.482341 0.000000
-0.530900 -0.847435 -0.000000
-0.459773 -0.847435 0.265449
-0.530900 -0.847435 -0.000000
-0.875983 -0.482341 0.000000
-0.758624 -0.482341 -0.437992
-0.758624 -0.482341 -0.437992
-0.459774 -0.847435 -0.265448
-0.530900 -0.847435 -0.000000
-0.459774 -0.847435 -0.265448
-0.758624 -0.482341 -0.437992
-0.437992 -0.482341 -0.758624
-0.437992 -0.482341 -0.758624
-0.265451 -0.847434 -0.459773
-0.459774 -0.847435 -0.265448
-0.265451 -0.847434 -0.459773
-0.437992 -0.482341 -0.758624
0.000001 -0.482343 -0.875983
0.000001 -0.482343 -0.875983
0.000001 -0.847434 -0.530900
-0.265451 -0.847434 -0.459773
0.000001 -0.847434 -0.530900
0.000001 -0.482343 -0.875983
0.437991 -0.482342 -0.758624
0.437991 -0.482342 -0.758624
0.265451 -0.847434 -0.459774
0.000001 -0.847434 -0.530900
0.265451 -0.847434 -0.459774
0.437991 -0.482342 -0.758624
0.758623 -0.482341 -0.437993
0.758623 -0.482341 -0.437993
0.459772 -0.847435 -0.265451
0.265451 -0.847434 -0.459774
0.459772 -0.847435 -0.265451
0.758623 -0.482341 -0.437993
0.875983 -0.482342 -0.000001
0.875983 -0.482342 -0.000001
0.530901 -0.847434 -0.000001
0.459772 -0.847435 -0.265451
0.530901 -0.847434 -0.000001
0.875983 -0.482342 -0.000001
0.758623 -0.482342 0.437992
0.758623 -0.482342 0.437992
0.459772 -0.847435 0.265451
0.530901 -0.847434 -0.000001
0.459772 -0.847435 0.265451
0.758623 -0.482342 0.437992
0.437992 -0.482343 0.758623
0.437992 -0.482343 0.758623
0.265454 -0.847434 0.459772
0.459772 -0.847435 0.265451
0.265454 -0.847434 0.459772
0.437992 -0.482343 0.758623
0.000002 -0.482341 0.875983
0.000002 -0.482341 0.875983
0.000001 -0.847434 0.530900
0.265454 -0.847434 0.459772
0.000002 -0.482341 0.875983
0.000001 -0.258819 0.965926
-0.482962 -0.258819 0.836516
-0.482962 -0.258819 0.836516
-0.437993 -0.482342 0.758623
0.000002 -0.482341 0.875983
-0.437993 -0.482342 0.758623
-0.482962 -0.258819 0.836516
-0.836516 -0.258820 0.482963
-0.836516 -0.258820 0.482963
-0.758624 -0.482342 0.437991
-0.437993 -0.482342 0.758623
-0.758624 -0.482342 0.437991
-0.836516 -0.258820 0.482963
-0.965926 -0.258819 0.000000
-0.965926 -0.258819 0.000000
-0.875983 -0.482341 0.000000
-0.758624 -0.482342 0.437991
-0.875983 -0.482341 0.000000
-0.965926 -0.258819 0.000000
-0.836516 -0.258819 -0.482964
-0.836516 -0.258819 -0.482964
-0.758624 -0.482341 -0.437992
-0.875983 -0.482341 0.000000
-0.758624 -0.482341 -0.437992
-0.836516 -0.258819 -0.482964
-0.482964 -0.258817 -0.836516
-0.482964 -0.258817 -0.836516
-0.437992 -0.482341 -0.758624
-0.758624 -0.482341 -0.437992
-0.437992 -0.482341 -0.758624
-0.482964 -0.258817 -0.836516
-0.000000 -0.258822 -0.965925
-0.000000 -0.258822 -0.965925
0.000001 -0.482343 -0.875983
-0.437992 -0.482341 -0.758624
0.000001 -0.482343 -0.875983
-0.000000 -0.258822 -0.965925
0.482964 -0.258823 -0.836514
0.482964 -0.258823 -0.836514
0.437991 -0.482342 -0.758624
0.000001 -0.482343 -0.875983
0.437991 -0.482342 -0.758624
0.482964 -0.258823 -0.836514
0.836515 -0.258820 -0.482964
0.836515 -0.258820 -0.482964
0.758623 -0.482341 -0.437993
0.437991 -0.482342 -0.758624
0.758623 -0.482341 -0.437993
0.836515 -0.258820 -0.482964
0.965925 -0.258821 -0.000000
0.965925 -0.258821 -0.000000
0.875983 -0.482342 -0.000001
0.758623 -0.482341 -0.437993
0.875983 -0.482342 -0.000001
0.965925 -0.258821 -0.000000
0.836516 -0.258821 0.482962
0.836516 -0.258821 0.482962
0.758623 -0.482342 0.437992
0.875983 -0.482342 -0.000001
0.758623 -0.482342 0.437992
0.836516 -0.258821 0.482962
0.482963 -0.258822 0.836515
0.482963 -0.258822 0.836515
0.437992 -0.482343 0.758623
0.758623 -0.482342 0.437992
0.437992 -0.482343 0.758623
0.482963 -0.258822 0.836515
0.000001 -0.258819 0.965926
0.000001 -0.258819 0.965926
0.000002 -0.482341 0.875983
0.437992 -0.482343 0.758623
0.000000 0.000000 -1.000000
0.000000 0.000000 -1.000000
0.000000 0.000000 -1.000000
0.000000 0.000000 -1.000000
0.000000 0.000000 -1.000000
0.000000 0.000000 -1.000000
1.000000 0.000000 0.000000
1.000000 0.000000 0.000000
1.000000 0.000000 0.000000
1.000000 0.000000 0.000000
1.000000 0.000000 0.000000
1.000000 0.000000 0.000000
0.000000 0.000000 1.000000
0.000000 0.000000 1.000000
0.000000 0.000000 1.000000
0.000000 0.000000 1.000000
0.000000 0.000000 1.000000
0.000000 0.000000 1.000000
-1.000000 0.000000 -0.000000
-1.000000 0.000000 -0.000000
-1.000000 0.000000 -0.000000
-1.000000 0.000000 -0.000000
-1.000000 0.000000 -0.000000
-1.000000 0.000000 -0.000000
0.000000 -1.000000 -0.000000
0.000000 -1.000000 -0.000000
0.000000 -1.000000 -0.000000
0.000000 -1.000000 -0.000000
0.000000 -1.000000 -0.000000
0.000000 -1.000000 -0.000000
0.000000 -1.000000 -0.000000
0.000000 -1.000000 -0.000000
0.000000 -1.000000 -0.000000
0.000000 -1.000000 -0.000000
0.000000 -1.000000 -0.000000
0.000000 -1.000000 -0.000000
1.000000 0.000000 0.000000
1.000000 0.000000 0.000000
1.000000 0.000000 0.000000
1.000000 0.000000 0.000000
1.000000 0.000000 0.000000
1.000000 0.000000 0.000000
0.000000 0.000000 1.000000
0.000000 0.000000 1.000000
0.000000 0.000000 1.000000
0.000000 0.000000 1.000000
0.000000 0.000000 1.000000
0.000000 0.000000 1.000000
-0.994588 -0.103895 -0.000000
-0.994588 -0.103895 -0.000000
-0.994588 -0.103895 -0.000000
-0.994588 -0.103895 -0.000000
-0.994588 -0.103895 -0.000000
-0.994588 -0.103895 -0.000000
0.000000 0.000000 -1.000000
0.000000 0.000000 -1.000000
0.000000 0.000000 -1.000000
0.000000 0.000000 -1.000000
0.000000 0.000000 -1.000000
0.000000 0.000000 -1.000000
0.000000 0.000000 -1.000000
0.000000 0.000000 -1.000000
0.000000 0.000000 -1.000000
0.000000 0.000000 -1.000000
0.000000 0.000000 -1.000000
0.000000 0.000000 -1.000000
0.994588 -0.103895 -0.000000
0.994588 -0.103895 -0.000000
0.994588 -0.103895 -0.000000
0.994588 -0.103895 -0.000000
0.994588 -0.103895 -0.000000
0.994588 -0.103895 -0.000000
0.000000 0.000000 1.000000
0.000000 0.000000 1.000000
0.000000 0.000000 1.000000
0.000000 0.000000 1.000000
0.000000 0.000000 1.000000
0.000000 0.000000 1.000000
-1.000000 0.000000 -0.000000
-1.000000 0.000000 -0.000000
-1.000000 0.000000 -0.000000
-1.000000 -0.000000 -0.000000
-1.000000 -0.000000 -0.000000
-1.000000 -0.000000 -0.000000
0.000000 -1.000000 -0.000001
-0.000002 -0.847436 0.530898
-0.265445 -0.847435 0.459775
0.000000 -1.000000 -0.000001
-0.265445 -0.847435 0.459775
-0.459773 -0.847434 0.265452
0.000000 -1.000000 -0.000001
-0.459773 -0.847434 0.265452
-0.530899 -0.847435 -0.000003
0.000000 -1.000000 -0.000001
-0.530899 -0.847435 -0.000003
-0.459773 -0.847435 -0.265449
0.000000 -1.000000 -0.000001
-0.459773 -0.847435 -0.265449
-0.265449 -0.847434 -0.459774
0.000000 -1.000000 -0.000001
-0.265449 -0.847434 -0.459774
0.000001 -0.847435 -0.530900
0.000000 -1.000000 -0.000001
0.000001 -0.847435 -0.530900
0.265451 -0.847433 -0.459775
0.000000 -1.000000 -0.000001
0.265451 -0.847433 -0.459775
0.459773 -0.847436 -0.265446
0.000000 -1.000000 -0.000001
0.459773 -0.847436 -0.265446
0.530899 -0.847435 -0.000004
0.000000 -1.000000 -0.000001
0.530899 -0.847435 -0.000004
0.459773 -0.847434 0.265449
0.000000 -1.000000 -0.000001
0.459773 -0.847434 0.265449
0.265447 -0.847435 0.459774
0.000000 -1.000000 -0.000001
0.265447 -0.847435 0.459774
-0.000002 -0.847436 0.530898
-0.000002 -0.847436 0.530898
-0.000001 -0.482343 0.875982
-0.437992 -0.482341 0.758624
-0.437992 -0.482341 0.758624
-0.265445 -0.847435 0.459775
-0.000002 -0.847436 0.530898
-0.265445 -0.847435 0.459775
-0.437992 -0.482341 0.758624
-0.758626 -0.482339 0.437991
-0.758626 -0.482339 0.437991
-0.459773 -0.847434 0.265452
-0.265445 -0.847435 0.459775
-0.459773 -0.847434 0.265452
-0.758626 -0.482339 0.437991
-0.875984 -0.482340 -0.000002
-0.875984 -0.482340 -0.000002
-0.530899 -0.847435 -0.000003
-0.459773 -0.847434 0.265452
-0.530899 -0.847435 -0.000003
-0.875984 -0.482340 -0.000002
-0.758625 -0.482340 -0.437991
-0.758625 -0.482340 -0.437991
-0.459773 -0.847435 -0.265449
-0.530899 -0.847435 -0.000003
-0.459773 -0.847435 -0.265449
-0.758625 -0.482340 -0.437991
-0.437992 -0.482342 -0.758623
-0.437992 -0.482342 -0.758623
-0.265449 -0.847434 -0.459774
-0.459773 -0.847435 -0.265449
-0.265449 -0.847434 -0.459774
-0.437992 -0.482342 -0.758623
-0.000000 -0.482341 -0.875983
-0.000000 -0.482341 -0.875983
0.000001 -0.847435 -0.530900
-0.265449 -0.847434 -0.459774
0.000001 -0.847435 -0.530900
-0.000000 -0.482341 -0.875983
0.437992 -0.482343 -0.758622
0.437992 -0.482343 -0.758622
0.265451 -0.847433 -0.459775
0.000001 -0.847435 -0.530900
0.265451 -0.847433 -0.459775
0.437992 -0.482343 -0.758622
0.758621 -0.482342 -0.437996
0.758621 -0.482342 -0.437996
0.459773 -0.847436 -0.265446
0.265451 -0.847433 -0.459775
0.459773 -0.847436 -0.265446
0.758621 -0.482342 -0.437996
0.875983 -0.482342 -0.000004
0.875983 -0.482342 -0.000004
0.530899 -0.847435 -0.000004
0.459773 -0.847436 -0.265446
0.530899 -0.847435 -0.000004
0.875983 -0.482342 -0.000004
0.758624 -0.482341 0.437992
0.758624 -0.482341 0.437992
0.459773 -0.847434 0.265449
0.530899 -0.847435 -0.000004
0.459773 -0.847434 0.265449
0.758624 -0.482341 0.437992
0.437991 -0.482341 0.758624
0.437991 -0.482341 0.758624
0.265447 -0.847435 0.459774
0.459773 -0.847434 0.265449
0.265447 -0.847435 0.459774
0.437991 -0.482341 0.758624
-0.000001 -0.482343 0.875982
-0.000001 -0.482343 0.875982
-0.000002 -0.847436 0.530898
0.265447 -0.847435 0.459774
-0.000001 -0.482343 0.875982
-0.000001 -0.258821 0.965925
-0.482965 -0.258818 0.836516
-0.482965 -0.258818 0.836516
-0.437992 -0.482341 0.758624
-0.000001 -0.482343 0.875982
-0.437992 -0.482341 0.758624
-0.482965 -0.258818 0.836516
-0.836518 -0.258813 0.482962
-0.836518 -0.258813 0.482962
-0.758626 -0.482339 0.437991
-0.437992 -0.482341 0.758624
-0.758626 -0.482339 0.437991
-0.836518 -0.258813 0.482962
-0.965926 -0.258817 -0.000002
-0.965926 -0.258817 -0.000002
-0.875984 -0.482340 -0.000002
-0.758626 -0.482339 0.437991
-0.875984 -0.482340 -0.000002
-0.965926 -0.258817 -0.000002
-0.836519 -0.258814 -0.482961
-0.836519 -0.258814 -0.482961
-0.758625 -0.482340 -0.437991
-0.875984 -0.482340 -0.000002
-0.758625 -0.482340 -0.437991
-0.836519 -0.258814 -0.482961
-0.482961 -0.258820 -0.836517
-0.482961 -0.258820 -0.836517
-0.437992 -0.482342 -0.758623
-0.758625 -0.482340 -0.437991
-0.437992 -0.482342 -0.758623
-0.482961 -0.258820 -0.836517
-0.000002 -0.258818 -0.965926
-0.000002 -0.258818 -0.965926
-0.000000 -0.482341 -0.875983
-0.437992 -0.482342 -0.758623
-0.000000 -0.482341 -0.875983
-0.000002 -0.258818 -0.965926
0.482963 -0.258823 -0.836515
0.482963 -0.258823 -0.836515
0.437992 -0.482343 -0.758622
-0.000000 -0.482341 -0.875983
0.437992 -0.482343 -0.758622
0.482963 -0.258823 -0.836515
0.836515 -0.258823 -0.482963
0.836515 -0.258823 -0.482963
0.758621 -0.482342 -0.437996
0.437992 -0.482343 -0.758622
0.758621 -0.482342 -0.437996
0.836515 -0.258823 -0.482963
0.965925 -0.258820 -0.000002
0.965925 -0.258820 -0.000002
0.875983 -0.482342 -0.000004
0.758621 -0.482342 -0.437996
0.875983 -0.482342 -0.000004
0.965925 -0.258820 -0.000002
0.836517 -0.258817 0.482962
0.836517 -0.258817 0.482962
0.758624 -0.482341 0.437992
0.875983 -0.482342 -0.000004
0.758624 -0.482341 0.437992
0.836517 -0.258817 0.482962
0.482963 -0.258818 0.836516
0.482963 -0.258818 0.836516
0.437991 -0.482341 0.758624
0.758624 -0.482341 0.437992
0.437991 -0.482341 0.758624
0.482963 -0.258818 0.836516
-0.000001 -0.258821 0.965925
-0.000001 -0.258821 0.965925
-0.000001 -0.482343 0.875982
0.437991 -0.482341 0.758624
-0.000000 -1.000000 0.000000
0.000000 -0.847434 0.530900
-0.265448 -0.847435 0.459773
-0.000000 -1.000000 0.000000
-0.265448 -0.847435 0.459773
-0.459773 -0.847434 0.265450
-0.000000 -1.000000 0.000000
-0.459773 -0.847434 0.265450
-0.530900 -0.847435 0.000000
-0.000000 -1.000000 0.000000
-0.530900 -0.847435 0.000000
-0.459773 -0.847435 -0.265449
-0.000000 -1.000000 0.000000
-0.459773 -0.847435 -0.265449
-0.265447 -0.847435 -0.459773
-0.000000 -1.000000 0.000000
-0.265447 -0.847435 -0.459773
-0.000001 -0.847435 -0.530900
-0.000000 -1.000000 0.000000
-0.000001 -0.847435 -0.530900
0.265450 -0.847434 -0.459773
-0.000000 -1.000000 0.000000
0.265450 -0.847434 -0.459773
0.459773 -0.847434 -0.265451
-0.000000 -1.000000 0.000000
0.459773 -0.847434 -0.265451
0.530899 -0.847435 -0.000000
-0.000000 -1.000000 0.000000
0.530899 -0.847435 -0.000000
0.459774 -0.847435 0.265448
-0.000000 -1.000000 0.000000
0.459774 -0.847435 0.265448
0.265453 -0.847434 0.459772
-0.000000 -1.000000 0.000000
0.265453 -0.847434 0.459772
0.000000 -0.847434 0.530900
0.000000 -0.847434 0.530900
0.000001 -0.482341 0.875983
-0.437993 -0.482341 0.758623
-0.437993 -0.482341 0.758623
-0.265448 -0.847435 0.459773
0.000000 -0.847434 0.530900
-0.265448 -0.847435 0.459773
-0.437993 -0.482341 0.758623
-0.758625 -0.482340 0.437991
-0.758625 -0.482340 0.437991
-0.459773 -0.847434 0.265450
-0.265448 -0.847435 0.459773
-0.459773 -0.847434 0.265450
-0.758625 -0.482340 0.437991
-0.875984 -0.482339 -0.000001
-0.875984 -0.482339 -0.000001
-0.530900 -0.847435 0.000000
-0.459773 -0.847434 0.265450
-0.530900 -0.847435 0.000000
-0.875984 -0.482339 -0.000001
-0.758627 -0.482339 -0.437989
-0.758627 -0.482339 -0.437989
-0.459773 -0.847435 -0.265449
-0.530900 -0.847435 0.000000
-0.459773 -0.847435 -0.265449
-0.758627 -0.482339 -0.437989
-0.437992 -0.482341 -0.758623
-0.437992 -0.482341 -0.758623
-0.265447 -0.847435 -0.459773
-0.459773 -0.847435 -0.265449
-0.265447 -0.847435 -0.459773
-0.437992 -0.482341 -0.758623
-0.000000 -0.482341 -0.875983
-0.000000 -0.482341 -0.875983
-0.000001 -0.847435 -0.530900
-0.265447 -0.847435 -0.459773
-0.000001 -0.847435 -0.530900
-0.000000 -0.482341 -0.875983
0.437992 -0.482342 -0.758623
0.437992 -0.482342 -0.758623
0.265450 -0.847434 -0.459773
-0.000001 -0.847435 -0.530900
0.265450 -0.847434 -0.459773
0.437992 -0.482342 -0.758623
0.758622 -0.482342 -0.437993
0.758622 -0.482342 -0.437993
0.459773 -0.847434 -0.265451
0.265450 -0.847434 -0.459773
0.459773 -0.847434 -0.265451
0.758622 -0.482342 -0.437993
0.875983 -0.482342 -0.000003
0.875983 -0.482342 -0.000003
0.530899 -0.847435 -0.000000
0.459773 -0.847434 -0.265451
0.530899 -0.847435 -0.000000
0.875983 -0.482342 -0.000003
0.758623 -0.482342 0.437992
0.758623 -0.482342 0.437992
0.459774 -0.847435 0.265448
0.530899 -0.847435 -0.000000
0.459774 -0.847435 0.265448
0.758623 -0.482342 0.437992
0.437992 -0.482342 0.758624
0.437992 -0.482342 0.758624
0.265453 -0.847434 0.459772
0.459774 -0.847435 0.265448
0.265453 -0.847434 0.459772
0.437992 -0.482342 0.758624
0.000001 -0.482341 0.875983
0.000001 -0.482341 0.875983
0.000000 -0.847434 0.530900
0.265453 -0.847434 0.459772
0.000001 -0.482341 0.875983
0.000000 -0.258819 0.965926
-0.482963 -0.258818 0.836517
-0.482963 -0.258818 0.836517
-0.437993 -0.482341 0.758623
0.000001 -0.482341 0.875983
-0.437993 -0.482341 0.758623
-0.482963 -0.258818 0.836517
-0.836518 -0.258815 0.482963
-0.836518 -0.258815 0.482963
-0.758625 -0.482340 0.437991
-0.437993 -0.482341 0.758623
-0.758625 -0.482340 0.437991
-0.836518 -0.258815 0.482963
-0.965927 -0.258815 -0.000001
-0.965927 -0.258815 -0.000001
-0.875984 -0.482339 -0.000001
-0.758625 -0.482340 0.437991
-0.875984 -0.482339 -0.000001
-0.965927 -0.258815 -0.000001
-0.836519 -0.258815 -0.482961
-0.836519 -0.258815 -0.482961
-0.758627 -0.482339 -0.437989
-0.875984 -0.482339 -0.000001
-0.758627 -0.482339 -0.437989
-0.836519 -0.258815 -0.482961
-0.482962 -0.258818 -0.836517
-0.482962 -0.258818 -0.836517
-0.437992 -0.482341 -0.758623
-0.758627 -0.482339 -0.437989
-0.437992 -0.482341 -0.758623
-0.482962 -0.258818 -0.836517
-0.000001 -0.258817 -0.965926
-0.000001 -0.258817 -0.965926
-0.000000 -0.482341 -0.875983
-0.437992 -0.482341 -0.758623
-0.000000 -0.482341 -0.875983
-0.000001 -0.258817 -0.965926
0.482962 -0.258819 -0.836517
0.482962 -0.258819 -0.836517
0.437992 -0.482342 -0.758623
-0.000000 -0.482341 -0.875983
0.437992 -0.482342 -0.758623
0.482962 -0.258819 -0.836517
0.836516 -0.258823 -0.482962
0.836516 -0.258823 -0.482962
0.758622 -0.482342 -0.437993
0.437992 -0.482342 -0.758623
0.758622 -0.482342 -0.437993
0.836516 -0.258823 -0.482962
0.965925 -0.258821 -0.000002
0.965925 -0.258821 -0.000002
0.875983 -0.482342 -0.000003
0.758622 -0.482342 -0.437993
0.875983 -0.482342 -0.000003
0.965925 -0.258821 -0.000002
0.836516 -0.258820 0.482963
0.836516 -0.258820 0.482963
0.758623 -0.482342 0.437992
0.875983 -0.482342 -0.000003
0.758623 -0.482342 0.437992
0.836516 -0.258820 0.482963
0.482962 -0.258820 0.836517
0.482962 -0.258820 0.836517
0.437992 -0.482342 0.758624
0.758623 -0.482342 0.437992
0.437992 -0.482342 0.758624
0.482962 -0.258820 0.836517
0.000000 -0.258819 0.965926
0.000000 -0.258819 0.965926
0.000001 -0.482341 0.875983
0.437992 -0.482342 0.758624
0.000000 0.000000 -1.000000
0.000000 0.000000 -1.000000
0.000000 0.000000 -1.000000
0.000000 0.000000 -1.000000
0.000000 0.000000 -1.000000
0.000000 0.000000 -1.000000
1.000000 0.000000 0.000000
1.000000 0.000000 0.000000
1.000000 0.000000 0.000000
1.000000 0.000000 0.000000
1.000000 0.000000 0.000000
1.000000 0.000000 0.000000
0.000000 0.000000 1.000000
0.000000 0.000000 1.000000
0.000000 0.000000 1.000000
0.000000 0.000000 1.000000
0.000000 0.000000 1.000000
0.000000 0.000000 1.000000
-1.000000 0.000000 0.000000
-1.000000 0.000000 0.000000
-1.000000 0.000000 0.000000
-1.000000 0.000000 0.000000
-1.000000 0.000000 0.000000
-1.000000 0.000000 0.000000
0.000001 -0.964526 -0.263989
0.000000 -0.964526 -0.263989
0.000000 -1.000000 -0.000000
0.000000 -1.000000 -0.000000
-0.000000 -1.000000 -0.000000
0.000001 -0.964526 -0.263989
0.000000 -0.964526 0.263988
0.000000 -0.964526 0.263988
0.000000 -1.000000 0.000000
0.000000 -1.000000 0.000000
0.000000 -1.000000 0.000000
0.000000 -0.964526 0.263988
1.000000 0.000000 0.000000
1.000000 0.000000 0.000000
1.000000 0.000000 0.000000
1.000000 0.000000 0.000000
1.000000 0.000000 0.000000
1.000000 0.000000 0.000000
1.000000 0.000000 0.000000
1.000000 0.000000 0.000000
1.000000 0.000000 0.000000
0.000000 0.000000 1.000000
0.000000 0.000000 1.000000
0.000000 0.000000 1.000000
0.000002 -0.000001 1.000000
0.000002 -0.000001 1.000000
0.000002 -0.000001 1.000000
-0.999994 -0.003159 -0.001352
-0.999994 -0.003159 -0.001352
-0.999994 -0.003159 -0.001352
-0.999999 -0.001413 0.000605
-0.999999 -0.001413 0.000605
-0.999999 -0.001413 0.000605
-0.999995 -0.003159 0.000000
-0.999995 -0.003159 0.000000
-0.999995 -0.003159 0.000000
0.000000 0.000000 -1.000000
0.000000 0.000000 -1.000000
0.000000 0.000000 -1.000000
0.000000 0.000000 -1.000000
0.000000 0.000000 -1.000000
0.000000 0.000000 -1.000000
0.000000 0.000000 -1.000000
0.000000 0.000000 -1.000000
0.000000 0.000000 -1.000000
0.000000 0.000000 -1.000000
0.000000 0.000000 -1.000000
0.000000 0.000000 -1.000000
0.999994 -0.003159 0.001352
0.999994 -0.003159 0.001352
0.999994 -0.003159 0.001352
0.999999 -0.001413 -0.000605
0.999999 -0.001413 -0.000605
0.999999 -0.001413 -0.000605
0.999995 -0.003159 -0.000000
0.999995 -0.003159 -0.000000
0.999995 -0.003159 -0.000000
0.000000 -0.000001 1.000000
0.000000 -0.000001 1.000000
0.000000 -0.000001 1.000000
-0.000002 0.000000 1.000000
-0.000002 0.000000 1.000000
-0.000002 0.000000 1.000000
-1.000000 0.000000 0.000000
-1.000000 0.000000 0.000000
-1.000000 0.000000 0.000000
-1.000000 0.000000 0.000000
-1.000000 0.000000 0.000000
-1.000000 0.000000 0.000000
-1.000000 0.000000 0.000000
-1.000000 0.000000 0.000000
-1.000000 0.000000 0.000000
-0.000000 -1.000000 0.000000
0.000000 -0.847435 0.530900
-0.265449 -0.847435 0.459773
-0.000000 -1.000000 0.000000
-0.265449 -0.847435 0.459773
-0.459773 -0.847434 0.265451
-0.000000 -1.000000 0.000000
-0.459773 -0.847434 0.265451
-0.530900 -0.847434 0.000000
-0.000000 -1.000000 0.000000
-0.530900 -0.847434 0.000000
-0.459774 -0.847434 -0.265449
-0.000000 -1.000000 0.000000
-0.459774 -0.847434 -0.265449
-0.265449 -0.847435 -0.459773
-0.000000 -1.000000 0.000000
-0.265449 -0.847435 -0.459773
0.000000 -0.847435 -0.530900
-0.000000 -1.000000 0.000000
0.000000 -0.847435 -0.530900
0.265449 -0.847434 -0.459774
-0.000000 -1.000000 0.000000
0.265449 -0.847434 -0.459774
0.459773 -0.847434 -0.265451
-0.000000 -1.000000 0.000000
0.459773 -0.847434 -0.265451
0.530900 -0.847435 -0.000000
-0.000000 -1.000000 0.000000
0.530900 -0.847435 -0.000000
0.459774 -0.847434 0.265449
-0.000000 -1.000000 0.000000
0.459774 -0.847434 0.265449
0.265448 -0.847435 0.459773
-0.000000 -1.000000 0.000000
0.265448 -0.847435 0.459773
0.000000 -0.847435 0.530900
0.000000 -0.847435 0.530900
-0.000000 -0.482341 0.875983
-0.437991 -0.482341 0.758624
-0.437991 -0.482341 0.758624
-0.265449 -0.847435 0.459773
0.000000 -0.847435 0.530900
-0.265449 -0.847435 0.459773
-0.437991 -0.482341 0.758624
-0.758625 -0.482341 0.437991
-0.758625 -0.482341 0.437991
-0.459773 -0.847434 0.265451
-0.265449 -0.847435 0.459773
-0.459773 -0.847434 0.265451
-0.758625 -0.482341 0.437991
-0.875983 -0.482341 -0.000001
-0.875983 -0.482341 -0.000001
-0.530900 -0.847434 0.000000
-0.459773 -0.847434 0.265451
-0.530900 -0.847434 0.000000
-0.875983 -0.482341 -0.000001
-0.758625 -0.482340 -0.437990
-0.758625 -0.482340 -0.437990
-0.459774 -0.847434 -0.265449
-0.530900 -0.847434 0.000000
-0.459774 -0.847434 -0.265449
-0.758625 -0.482340 -0.437990
-0.437992 -0.482341 -0.758624
-0.437992 -0.482341 -0.758624
-0.265449 -0.847435 -0.459773
-0.459774 -0.847434 -0.265449
-0.265449 -0.847435 -0.459773
-0.437992 -0.482341 -0.758624
-0.000001 -0.482341 -0.875983
-0.000001 -0.482341 -0.875983
0.000000 -0.847435 -0.530900
-0.265449 -0.847435 -0.459773
0.000000 -0.847435 -0.530900
-0.000001 -0.482341 -0.875983
0.437992 -0.482341 -0.758624
0.437992 -0.482341 -0.758624
0.265449 -0.847434 -0.459774
0.000000 -0.847435 -0.530900
0.265449 -0.847434 -0.459774
0.437992 -0.482341 -0.758624
0.758624 -0.482341 -0.437992
0.758624 -0.482341 -0.437992
0.459773 -0.847434 -0.265451
0.265449 -0.847434 -0.459774
0.459773 -0.847434 -0.265451
0.758624 -0.482341 -0.437992
0.875984 -0.482341 -0.000002
0.875984 -0.482341 -0.000002
0.530900 -0.847435 -0.000000
0.459773 -0.847434 -0.265451
0.530900 -0.847435 -0.000000
0.875984 -0.482341 -0.000002
0.758625 -0.482341 0.437991
0.758625 -0.482341 0.437991
0.459774 -0.847434 0.265449
0.530900 -0.847435 -0.000000
0.459774 -0.847434 0.265449
0.758625 -0.482341 0.437991
0.437992 -0.482341 0.758624
0.437992 -0.482341 0.758624
0.265448 -0.847435 0.459773
0.459774 -0.847434 0.265449
0.265448 -0.847435 0.459773
0.437992 -0.482341 0.758624
-0.000000 -0.482341 0.875983
-0.000000 -0.482341 0.875983
0.000000 -0.847435 0.530900
0.265448 -0.847435 0.459773
-0.000000 -0.482341 0.875983
-0.000001 -0.258818 0.965926
-0.482963 -0.258817 0.836517
-0.482963 -0.258817 0.836517
-0.437991 -0.482341 0.758624
-0.000000 -0.482341 0.875983
-0.437991 -0.482341 0.758624
-0.482963 -0.258817 0.836517
-0.836517 -0.258816 0.482964
-0.836517 -0.258816 0.482964
-0.758625 -0.482341 0.437991
-0.437991 -0.482341 0.758624
-0.758625 -0.482341 0.437991
-0.836517 -0.258816 0.482964
-0.965925 -0.258820 -0.000001
-0.965925 -0.258820 -0.000001
-0.875983 -0.482341 -0.000001
-0.758625 -0.482341 0.437991
-0.875983 -0.482341 -0.000001
-0.965925 -0.258820 -0.000001
-0.836517 -0.258817 -0.482962
-0.836517 -0.258817 -0.482962
-0.758625 -0.482340 -0.437990
-0.875983 -0.482341 -0.000001
-0.758625 -0.482340 -0.437990
-0.836517 -0.258817 -0.482962
-0.482964 -0.258818 -0.836516
-0.482964 -0.258818 -0.836516
-0.437992 -0.482341 -0.758624
-0.758625 -0.482340 -0.437990
-0.437992 -0.482341 -0.758624
-0.482964 -0.258818 -0.836516
-0.000000 -0.258819 -0.965926
-0.000000 -0.258819 -0.965926
-0.000001 -0.482341 -0.875983
-0.437992 -0.482341 -0.758624
-0.000001 -0.482341 -0.875983
-0.000000 -0.258819 -0.965926
0.482961 -0.258817 -0.836518
0.482961 -0.258817 -0.836518
0.437992 -0.482341 -0.758624
-0.000001 -0.482341 -0.875983
0.437992 -0.482341 -0.758624
0.482961 -0.258817 -0.836518
0.836516 -0.258819 -0.482964
0.836516 -0.258819 -0.482964
0.758624 -0.482341 -0.437992
0.437992 -0.482341 -0.758624
0.758624 -0.482341 -0.437992
0.836516 -0.258819 -0.482964
0.965926 -0.258819 -0.000002
0.965926 -0.258819 -0.000002
0.875984 -0.482341 -0.000002
0.758624 -0.482341 -0.437992
0.875984 -0.482341 -0.000002
0.965926 -0.258819 -0.000002
0.836517 -0.258819 0.482963
0.836517 -0.258819 0.482963
0.758625 -0.482341 0.437991
0.875984 -0.482341 -0.000002
0.758625 -0.482341 0.437991
0.836517 -0.258819 0.482963
0.482964 -0.258817 0.836517
0.482964 -0.258817 0.836517
0.437992 -0.482341 0.758624
0.758625 -0.482341 0.437991
0.437992 -0.482341 0.758624
0.482964 -0.258817 0.836517
-0.000001 -0.258818 0.965926
-0.000001 -0.258818 0.965926
-0.000000 -0.482341 0.875983
0.437992 -0.482341 0.758624
0.000000 -1.000000 0.000000
0.000004 -0.847433 0.530902
-0.265449 -0.847434 0.459774
0.000000 -1.000000 0.000000
-0.265449 -0.847434 0.459774
-0.459774 -0.847435 0.265446
0.000000 -1.000000 0.000000
-0.459774 -0.847435 0.265446
-0.530901 -0.847434 0.000001
0.000000 -1.000000 0.000000
-0.530901 -0.847434 0.000001
-0.459774 -0.847433 -0.265452
0.000000 -1.000000 0.000000
-0.459774 -0.847433 -0.265452
-0.265446 -0.847435 -0.459774
0.000000 -1.000000 0.000000
-0.265446 -0.847435 -0.459774
0.000001 -0.847435 -0.530899
0.000000 -1.000000 0.000000
0.000001 -0.847435 -0.530899
0.265449 -0.847434 -0.459775
0.000000 -1.000000 0.000000
0.265449 -0.847434 -0.459775
0.459773 -0.847433 -0.265456
0.000000 -1.000000 0.000000
0.459773 -0.847433 -0.265456
0.530900 -0.847435 0.000002
0.000000 -1.000000 0.000000
0.530900 -0.847435 0.000002
0.459773 -0.847434 0.265449
0.000000 -1.000000 0.000000
0.459773 -0.847434 0.265449
0.265450 -0.847434 0.459774
0.000000 -1.000000 0.000000
0.265450 -0.847434 0.459774
0.000004 -0.847433 0.530902
0.000004 -0.847433 0.530902
0.000000 -0.482342 0.875983
-0.437987 -0.482336 0.758630
-0.437987 -0.482336 0.758630
-0.265449 -0.847434 0.459774
0.000004 -0.847433 0.530902
-0.265449 -0.847434 0.459774
-0.437987 -0.482336 0.758630
-0.758625 -0.482340 0.437991
-0.758625 -0.482340 0.437991
-0.459774 -0.847435 0.265446
-0.265449 -0.847434 0.459774
-0.459774 -0.847435 0.265446
-0.758625 -0.482340 0.437991
-0.875983 -0.482342 -0.000001
-0.875983 -0.482342 -0.000001
-0.530901 -0.847434 0.000001
-0.459774 -0.847435 0.265446
-0.530901 -0.847434 0.000001
-0.875983 -0.482342 -0.000001
-0.758626 -0.482339 -0.437990
-0.758626 -0.482339 -0.437990
-0.459774 -0.847433 -0.265452
-0.530901 -0.847434 0.000001
-0.459774 -0.847433 -0.265452
-0.758626 -0.482339 -0.437990
-0.437994 -0.482342 -0.758622
-0.437994 -0.482342 -0.758622
-0.265446 -0.847435 -0.459774
-0.459774 -0.847433 -0.265452
-0.265446 -0.847435 -0.459774
-0.437994 -0.482342 -0.758622
-0.000001 -0.482343 -0.875982
-0.000001 -0.482343 -0.875982
0.000001 -0.847435 -0.530899
-0.265446 -0.847435 -0.459774
0.000001 -0.847435 -0.530899
-0.000001 -0.482343 -0.875982
0.437995 -0.482343 -0.758621
0.437995 -0.482343 -0.758621
0.265449 -0.847434 -0.459775
0.000001 -0.847435 -0.530899
0.265449 -0.847434 -0.459775
0.437995 -0.482343 -0.758621
0.758624 -0.482340 -0.437993
0.758624 -0.482340 -0.437993
0.459773 -0.847433 -0.265456
0.265449 -0.847434 -0.459775
0.459773 -0.847433 -0.265456
0.758624 -0.482340 -0.437993
0.875984 -0.482341 -0.000001
0.875984 -0.482341 -0.000001
0.530900 -0.847435 0.000002
0.459773 -0.847433 -0.265456
0.530900 -0.847435 0.000002
0.875984 -0.482341 -0.000001
0.758623 -0.482341 0.437993
0.758623 -0.482341 0.437993
0.459773 -0.847434 0.265449
0.530900 -0.847435 0.000002
0.459773 -0.847434 0.265449
0.758623 -0.482341 0.437993
0.437991 -0.482340 0.758625
0.437991 -0.482340 0.758625
0.265450 -0.847434 0.459774
0.459773 -0.847434 0.265449
0.265450 -0.847434 0.459774
0.437991 -0.482340 0.758625
0.000000 -0.482342 0.875983
0.000000 -0.482342 0.875983
0.000004 -0.847433 0.530902
0.265450 -0.847434 0.459774
0.000000 -0.482342 0.875983
-0.000003 -0.258824 0.965925
-0.482962 -0.258814 0.836518
-0.482962 -0.258814 0.836518
-0.437987 -0.482336 0.758630
0.000000 -0.482342 0.875983
-0.437987 -0.482336 0.758630
-0.482962 -0.258814 0.836518
-0.836517 -0.258814 0.482965
-0.836517 -0.258814 0.482965
-0.758625 -0.482340 0.437991
-0.437987 -0.482336 0.758630
-0.758625 -0.482340 0.437991
-0.836517 -0.258814 0.482965
-0.965926 -0.258820 -0.000002
-0.965926 -0.258820 -0.000002
-0.875983 -0.482342 -0.000001
-0.758625 -0.482340 0.437991
-0.875983 -0.482342 -0.000001
-0.965926 -0.258820 -0.000002
-0.836517 -0.258819 -0.482962
-0.836517 -0.258819 -0.482962
-0.758626 -0.482339 -0.437990
-0.875983 -0.482342 -0.000001
-0.758626 -0.482339 -0.437990
-0.836517 -0.258819 -0.482962
-0.482964 -0.258823 -0.836514
-0.482964 -0.258823 -0.836514
-0.437994 -0.482342 -0.758622
-0.758626 -0.482339 -0.437990
-0.437994 -0.482342 -0.758622
-0.482964 -0.258823 -0.836514
-0.000001 -0.258823 -0.965925
-0.000001 -0.258823 -0.965925
-0.000001 -0.482343 -0.875982
-0.437994 -0.482342 -0.758622
-0.000001 -0.482343 -0.875982
-0.000001 -0.258823 -0.965925
0.482964 -0.258821 -0.836515
0.482964 -0.258821 -0.836515
0.437995 -0.482343 -0.758621
-0.000001 -0.482343 -0.875982
0.437995 -0.482343 -0.758621
0.482964 -0.258821 -0.836515
0.836516 -0.258820 -0.482963
0.836516 -0.258820 -0.482963
0.758624 -0.482340 -0.437993
0.437995 -0.482343 -0.758621
0.758624 -0.482340 -0.437993
0.836516 -0.258820 -0.482963
0.965926 -0.258819 -0.000002
0.965926 -0.258819 -0.000002
0.875984 -0.482341 -0.000001
0.758624 -0.482340 -0.437993
0.875984 -0.482341 -0.000001
0.965926 -0.258819 -0.000002
0.836515 -0.258820 0.482966
0.836515 -0.258820 0.482966
0.758623 -0.482341 0.437993
0.875984 -0.482341 -0.000001
0.758623 -0.482341 0.437993
0.836515 -0.258820 0.482966
0.482966 -0.258815 0.836516
0.482966 -0.258815 0.836516
0.437991 -0.482340 0.758625
0.758623 -0.482341 0.437993
0.437991 -0.482340 0.758625
0.482966 -0.258815 0.836516
-0.000003 -0.258824 0.965925
-0.000003 -0.258824 0.965925
0.000000 -0.482342 0.875983
0.437991 -0.482340 0.758625
0.000000 -0.821408 0.570341
-0.000000 -0.821408 0.570342
0.000000 -0.686363 0.727259
0.000000 -0.686363 0.727259
0.000000 -0.686363 0.727259
0.000000 -0.821408 0.570341
-0.000001 -0.964526 0.263988
-0.000001 -0.964526 0.263988
-0.000000 -0.821408 0.570342
-0.000000 -0.821408 0.570342
0.000000 -0.821408 0.570341
-0.000001 -0.964526 0.263988
-0.000000 -1.000000 -0.000000
0.000000 -1.000000 -0.000000
-0.000001 -0.964526 0.263988
-0.000001 -0.964526 0.263988
-0.000001 -0.964526 0.263988
-0.000000 -1.000000 -0.000000
0.000000 -0.821408 -0.570341
0.000000 -0.821408 -0.570341
0.000000 -0.686365 -0.727257
0.000000 -0.686365 -0.727257
0.000000 -0.686365 -0.727257
0.000000 -0.821408 -0.570341
0.000000 -0.964526 -0.263989
0.000001 -0.964526 -0.263989
0.000000 -0.821408 -0.570341
0.000000 -0.821408 -0.570341
0.000000 -0.821408 -0.570341
0.000000 -0.964526 -0.263989
0.000000 -0.821408 -0.570341
0.000000 -0.821408 -0.570341
0.000000 -0.686365 -0.727257
0.000000 -0.686365 -0.727257
0.000000 -0.686365 -0.727257
0.000000 -0.821408 -0.570341
0.000001 -0.964526 -0.263989
0.000001 -0.964526 -0.263989
0.000000 -0.821408 -0.570341
0.000000 -0.821408 -0.570341
0.000000 -0.821408 -0.570341
0.000001 -0.964526 -0.263989
0.000000 -1.000000 0.000000
0.000000 -1.000000 0.000000
0.000001 -0.964526 -0.263989
0.000001 -0.964526 -0.263989
0.000001 -0.964526 -0.263989
0.000000 -1.000000 0.000000
0.000000 -0.821408 0.570341
0.000000 -0.821408 0.570341
0.000000 -0.686363 0.727259
0.000000 -0.686363 0.727259
0.000000 -0.686363 0.727259
0.000000 -0.821408 0.570341
0.000000 -0.964526 0.263988
0.000000 -0.964526 0.263988
0.000000 -0.821408 0.570341
0.000000 -0.821408 0.570341
0.000000 -0.821408 0.570341
0.000000 -0.964526 0.263988
0.000000 0.000000 -1.000000
0.000000 0.000000 -1.000000
0.000000 0.000000 -1.000000
0.000000 0.000000 -1.000000
0.000000 0.000000 -1.000000
0.000000 0.000000 -1.000000
1.000000 0.000000 0.000000
1.000000 0.000000 0.000000
1.000000 0.000000 0.000000
1.000000 0.000000 0.000000
1.000000 0.000000 0.000000
1.000000 0.000000 0.000000
0.000000 0.000000 1.000000
0.000000 0.000000 1.000000
0.000000 0.000000 1.000000
0.000000 0.000000 1.000000
0.000000 0.000000 1.000000
0.000000 0.000000 1.000000
-1.000000 0.000000 0.000000
-1.000000 0.000000 0.000000
-1.000000 0.000000 0.000000
-1.000000 0.000000 0.000000
-1.000000 0.000000 0.000000
-1.000000 0.000000 0.000000
0.000001 -0.964526 -0.263989
0.000001 -0.964526 -0.263989
0.000000 -1.000000 -0.000001
0.000000 -1.000000 -0.000001
-0.000000 -1.000000 -0.000001
0.000001 -0.964526 -0.263989
0.000000 -0.964526 0.263988
0.000000 -0.964526 0.263988
0.000000 -1.000000 -0.000001
0.000000 -1.000000 -0.000001
0.000000 -1.000000 -0.000001
0.000000 -0.964526 0.263988
1.000000 0.000000 0.000000
1.000000 0.000000 0.000000
1.000000 0.000000 0.000000
1.000000 0.000000 0.000000
1.000000 0.000000 0.000000
1.000000 0.000000 0.000000
1.000000 0.000000 0.000000
1.000000 0.000000 0.000000
1.000000 0.000000 0.000000
0.000000 0.000000 1.000000
0.000000 0.000000 1.000000
0.000000 0.000000 1.000000
0.000000 0.000000 1.000000
0.000000 0.000000 1.000000
0.000000 0.000000 1.000000
-0.999994 -0.003160 -0.001352
-0.999994 -0.003160 -0.001352
-0.999994 -0.003160 -0.001352
-0.999999 -0.001414 0.000605
-0.999999 -0.001414 0.000605
-0.999999 -0.001414 0.000605
-0.999995 -0.003160 -0.000000
-0.999995 -0.003160 -0.000000
-0.999995 -0.003160 -0.000000
0.000000 0.000000 -1.000000
0.000000 0.000000 -1.000000
0.000000 0.000000 -1.000000
0.000000 0.000000 -1.000000
0.000000 0.000000 -1.000000
0.000000 0.000000 -1.000000
0.000000 0.000000 -1.000000
0.000000 0.000000 -1.000000
0.000000 0.000000 -1.000000
0.000000 0.000000 -1.000000
0.000000 0.000000 -1.000000
0.000000 0.000000 -1.000000
0.999994 -0.003159 0.001352
0.999994 -0.003159 0.001352
0.999994 -0.003159 0.001352
0.999999 -0.001413 -0.000605
0.999999 -0.001413 -0.000605
0.999999 -0.001413 -0.000605
0.999995 -0.003159 -0.000000
0.999995 -0.003159 -0.000000
0.999995 -0.003159 -0.000000
0.000000 0.000000 1.000000
0.000000 0.000000 1.000000
0.000000 0.000000 1.000000
0.000000 0.000000 1.000000
0.000000 0.000000 1.000000
0.000000 0.000000 1.000000
-1.000000 0.000000 0.000000
-1.000000 0.000000 0.000000
-1.000000 0.000000 0.000000
-1.000000 0.000000 0.000000
-1.000000 0.000000 0.000000
-1.000000 0.000000 0.000000
-1.000000 0.000000 0.000000
-1.000000 0.000000 0.000000
-1.000000 0.000000 0.000000
-0.000000 -1.000000 0.000000
-0.000001 -0.847435 0.530899
-0.265448 -0.847434 0.459775
-0.000000 -1.000000 0.000000
-0.265448 -0.847434 0.459775
-0.459772 -0.847435 0.265450
-0.000000 -1.000000 0.000000
-0.459772 -0.847435 0.265450
-0.530900 -0.847434 0.000000
-0.000000 -1.000000 0.000000
-0.530900 -0.847434 0.000000
-0.459772 -0.847435 -0.265450
-0.000000 -1.000000 0.000000
-0.459772 -0.847435 -0.265450
-0.265447 -0.847436 -0.459773
-0.000000 -1.000000 0.000000
-0.265447 -0.847436 -0.459773
0.000000 -0.847435 -0.530900
-0.000000 -1.000000 0.000000
0.000000 -0.847435 -0.530900
0.265449 -0.847435 -0.459773
-0.000000 -1.000000 0.000000
0.265449 -0.847435 -0.459773
0.459772 -0.847434 -0.265452
-0.000000 -1.000000 0.000000
0.459772 -0.847434 -0.265452
0.530900 -0.847434 0.000000
-0.000000 -1.000000 0.000000
0.530900 -0.847434 0.000000
0.459773 -0.847435 0.265450
-0.000000 -1.000000 0.000000
0.459773 -0.847435 0.265450
0.265449 -0.847434 0.459774
-0.000000 -1.000000 0.000000
0.265449 -0.847434 0.459774
-0.000001 -0.847435 0.530899
-0.000001 -0.847435 0.530899
-0.000000 -0.482342 0.875983
-0.437991 -0.482342 0.758624
-0.437991 -0.482342 0.758624
-0.265448 -0.847434 0.459775
-0.000001 -0.847435 0.530899
-0.265448 -0.847434 0.459775
-0.437991 -0.482342 0.758624
-0.758623 -0.482341 0.437993
-0.758623 -0.482341 0.437993
-0.459772 -0.847435 0.265450
-0.265448 -0.847434 0.459775
-0.459772 -0.847435 0.265450
-0.758623 -0.482341 0.437993
-0.875983 -0.482342 0.000000
-0.875983 -0.482342 0.000000
-0.530900 -0.847434 0.000000
-0.459772 -0.847435 0.265450
-0.530900 -0.847434 0.000000
-0.875983 -0.482342 0.000000
-0.758625 -0.482341 -0.437991
-0.758625 -0.482341 -0.437991
-0.459772 -0.847435 -0.265450
-0.530900 -0.847434 0.000000
-0.459772 -0.847435 -0.265450
-0.758625 -0.482341 -0.437991
-0.437993 -0.482340 -0.758624
-0.437993 -0.482340 -0.758624
-0.265447 -0.847436 -0.459773
-0.459772 -0.847435 -0.265450
-0.265447 -0.847436 -0.459773
-0.437993 -0.482340 -0.758624
-0.000000 -0.482341 -0.875984
-0.000000 -0.482341 -0.875984
0.000000 -0.847435 -0.530900
-0.265447 -0.847436 -0.459773
0.000000 -0.847435 -0.530900
-0.000000 -0.482341 -0.875984
0.437989 -0.482342 -0.758625
0.437989 -0.482342 -0.758625
0.265449 -0.847435 -0.459773
0.000000 -0.847435 -0.530900
0.265449 -0.847435 -0.459773
0.437989 -0.482342 -0.758625
0.758622 -0.482343 -0.437993
0.758622 -0.482343 -0.437993
0.459772 -0.847434 -0.265452
0.265449 -0.847435 -0.459773
0.459772 -0.847434 -0.265452
0.758622 -0.482343 -0.437993
0.875983 -0.482342 0.000000
0.875983 -0.482342 0.000000
0.530900 -0.847434 0.000000
0.459772 -0.847434 -0.265452
0.530900 -0.847434 0.000000
0.875983 -0.482342 0.000000
0.758623 -0.482342 0.437993
0.758623 -0.482342 0.437993
0.459773 -0.847435 0.265450
0.530900 -0.847434 0.000000
0.459773 -0.847435 0.265450
0.758623 -0.482342 0.437993
0.437992 -0.482342 0.758624
0.437992 -0.482342 0.758624
0.265449 -0.847434 0.459774
0.459773 -0.847435 0.265450
0.265449 -0.847434 0.459774
0.437992 -0.482342 0.758624
-0.000000 -0.482342 0.875983
-0.000000 -0.482342 0.875983
-0.000001 -0.847435 0.530899
0.265449 -0.847434 0.459774
-0.000000 -0.482342 0.875983
0.000000 -0.258819 0.965926
-0.482964 -0.258820 0.836515
-0.482964 -0.258820 0.836515
-0.437991 -0.482342 0.758624
-0.000000 -0.482342 0.875983
-0.437991 -0.482342 0.758624
-0.482964 -0.258820 0.836515
-0.836516 -0.258818 0.482963
-0.836516 -0.258818 0.482963
-0.758623 -0.482341 0.437993
-0.437991 -0.482342 0.758624
-0.758623 -0.482341 0.437993
-0.836516 -0.258818 0.482963
-0.965926 -0.258819 0.000001
-0.965926 -0.258819 0.000001
-0.875983 -0.482342 0.000000
-0.758623 -0.482341 0.437993
-0.875983 -0.482342 0.000000
-0.965926 -0.258819 0.000001
-0.836516 -0.258819 -0.482963
-0.836516 -0.258819 -0.482963
-0.758625 -0.482341 -0.437991
-0.875983 -0.482342 0.000000
-0.758625 -0.482341 -0.437991
-0.836516 -0.258819 -0.482963
-0.482963 -0.258816 -0.836517
-0.482963 -0.258816 -0.836517
-0.437993 -0.482340 -0.758624
-0.758625 -0.482341 -0.437991
-0.437993 -0.482340 -0.758624
-0.482963 -0.258816 -0.836517
-0.000000 -0.258816 -0.965927
-0.000000 -0.258816 -0.965927
-0.000000 -0.482341 -0.875984
-0.437993 -0.482340 -0.758624
-0.000000 -0.482341 -0.875984
-0.000000 -0.258816 -0.965927
0.482960 -0.258819 -0.836518
0.482960 -0.258819 -0.836518
0.437989 -0.482342 -0.758625
-0.000000 -0.482341 -0.875984
0.437989 -0.482342 -0.758625
0.482960 -0.258819 -0.836518
0.836515 -0.258822 -0.482963
0.836515 -0.258822 -0.482963
0.758622 -0.482343 -0.437993
0.437989 -0.482342 -0.758625
0.758622 -0.482343 -0.437993
0.836515 -0.258822 -0.482963
0.965926 -0.258820 0.000001
0.965926 -0.258820 0.000001
0.875983 -0.482342 0.000000
0.758622 -0.482343 -0.437993
0.875983 -0.482342 0.000000
0.965926 -0.258820 0.000001
0.836517 -0.258819 0.482962
0.836517 -0.258819 0.482962
0.758623 -0.482342 0.437993
0.875983 -0.482342 0.000000
0.758623 -0.482342 0.437993
0.836517 -0.258819 0.482962
0.482963 -0.258820 0.836516
0.482963 -0.258820 0.836516
0.437992 -0.482342 0.758624
0.758623 -0.482342 0.437993
0.437992 -0.482342 0.758624
0.482963 -0.258820 0.836516
0.000000 -0.258819 0.965926
0.000000 -0.258819 0.965926
-0.000000 -0.482342 0.875983
0.437992 -0.482342 0.758624
0.000000 -1.000000 0.000001
0.000002 -0.847435 0.530898
-0.265448 -0.847434 0.459775
0.000000 -1.000000 0.000001
-0.265448 -0.847434 0.459775
-0.459772 -0.847435 0.265450
0.000000 -1.000000 0.000001
-0.459772 -0.847435 0.265450
-0.530900 -0.847434 0.000001
0.000000 -1.000000 0.000001
-0.530900 -0.847434 0.000001
-0.459772 -0.847435 -0.265450
0.000000 -1.000000 0.000001
-0.459772 -0.847435 -0.265450
-0.265448 -0.847435 -0.459773
0.000000 -1.000000 0.000001
-0.265448 -0.847435 -0.459773
0.000001 -0.847435 -0.530899
0.000000 -1.000000 0.000001
0.000001 -0.847435 -0.530899
0.265448 -0.847434 -0.459775
0.000000 -1.000000 0.000001
0.265448 -0.847434 -0.459775
0.459773 -0.847434 -0.265450
0.000000 -1.000000 0.000001
0.459773 -0.847434 -0.265450
0.530900 -0.847434 0.000001
0.000000 -1.000000 0.000001
0.530900 -0.847434 0.000001
0.459772 -0.847434 0.265452
0.000000 -1.000000 0.000001
0.459772 -0.847434 0.265452
0.265448 -0.847436 0.459772
0.000000 -1.000000 0.000001
0.265448 -0.847436 0.459772
0.000002 -0.847435 0.530898
0.000002 -0.847435 0.530898
0.000001 -0.482346 0.875981
-0.437994 -0.482344 0.758621
-0.437994 -0.482344 0.758621
-0.265448 -0.847434 0.459775
0.000002 -0.847435 0.530898
-0.265448 -0.847434 0.459775
-0.437994 -0.482344 0.758621
-0.758623 -0.482341 0.437993
-0.758623 -0.482341 0.437993
-0.459772 -0.847435 0.265450
-0.265448 -0.847434 0.459775
-0.459772 -0.847435 0.265450
-0.758623 -0.482341 0.437993
-0.875983 -0.482342 0.000001
-0.875983 -0.482342 0.000001
-0.530900 -0.847434 0.000001
-0.459772 -0.847435 0.265450
-0.530900 -0.847434 0.000001
-0.875983 -0.482342 0.000001
-0.758624 -0.482341 -0.437991
-0.758624 -0.482341 -0.437991
-0.459772 -0.847435 -0.265450
-0.530900 -0.847434 0.000001
-0.459772 -0.847435 -0.265450
-0.758624 -0.482341 -0.437991
-0.437993 -0.482341 -0.758623
-0.437993 -0.482341 -0.758623
-0.265448 -0.847435 -0.459773
-0.459772 -0.847435 -0.265450
-0.265448 -0.847435 -0.459773
-0.437993 -0.482341 -0.758623
-0.000000 -0.482341 -0.875983
-0.000000 -0.482341 -0.875983
0.000001 -0.847435 -0.530899
-0.265448 -0.847435 -0.459773
0.000001 -0.847435 -0.530899
-0.000000 -0.482341 -0.875983
0.437991 -0.482342 -0.758624
0.437991 -0.482342 -0.758624
0.265448 -0.847434 -0.459775
0.000001 -0.847435 -0.530899
0.265448 -0.847434 -0.459775
0.437991 -0.482342 -0.758624
0.758623 -0.482341 -0.437994
0.758623 -0.482341 -0.437994
0.459773 -0.847434 -0.265450
0.265448 -0.847434 -0.459775
0.459773 -0.847434 -0.265450
0.758623 -0.482341 -0.437994
0.875983 -0.482342 0.000001
0.875983 -0.482342 0.000001
0.530900 -0.847434 0.000001
0.459773 -0.847434 -0.265450
0.530900 -0.847434 0.000001
0.875983 -0.482342 0.000001
0.758623 -0.482343 0.437991
0.758623 -0.482343 0.437991
0.459772 -0.847434 0.265452
0.530900 -0.847434 0.000001
0.459772 -0.847434 0.265452
0.758623 -0.482343 0.437991
0.437995 -0.482345 0.758620
0.437995 -0.482345 0.758620
0.265448 -0.847436 0.459772
0.459772 -0.847434 0.265452
0.265448 -0.847436 0.459772
0.437995 -0.482345 0.758620
0.000001 -0.482346 0.875981
0.000001 -0.482346 0.875981
0.000002 -0.847435 0.530898
0.265448 -0.847436 0.459772
0.000001 -0.482346 0.875981
0.000001 -0.258823 0.965925
-0.482967 -0.258824 0.836513
-0.482967 -0.258824 0.836513
-0.437994 -0.482344 0.758621
0.000001 -0.482346 0.875981
-0.437994 -0.482344 0.758621
-0.482967 -0.258824 0.836513
-0.836517 -0.258819 0.482962
-0.836517 -0.258819 0.482962
-0.758623 -0.482341 0.437993
-0.437994 -0.482344 0.758621
-0.758623 -0.482341 0.437993
-0.836517 -0.258819 0.482962
-0.965926 -0.258819 0.000001
-0.965926 -0.258819 0.000001
-0.875983 -0.482342 0.000001
-0.758623 -0.482341 0.437993
-0.875983 -0.482342 0.000001
-0.965926 -0.258819 0.000001
-0.836518 -0.258817 -0.482961
-0.836518 -0.258817 -0.482961
-0.758624 -0.482341 -0.437991
-0.875983 -0.482342 0.000001
-0.758624 -0.482341 -0.437991
-0.836518 -0.258817 -0.482961
-0.482963 -0.258817 -0.836517
-0.482963 -0.258817 -0.836517
-0.437993 -0.482341 -0.758623
-0.758624 -0.482341 -0.437991
-0.437993 -0.482341 -0.758623
-0.482963 -0.258817 -0.836517
-0.000001 -0.258817 -0.965926
-0.000001 -0.258817 -0.965926
-0.000000 -0.482341 -0.875983
-0.437993 -0.482341 -0.758623
-0.000000 -0.482341 -0.875983
-0.000001 -0.258817 -0.965926
0.482963 -0.258820 -0.836516
0.482963 -0.258820 -0.836516
0.437991 -0.482342 -0.758624
-0.000000 -0.482341 -0.875983
0.437991 -0.482342 -0.758624
0.482963 -0.258820 -0.836516
0.836516 -0.258821 -0.482962
0.836516 -0.258821 -0.482962
0.758623 -0.482341 -0.437994
0.437991 -0.482342 -0.758624
0.758623 -0.482341 -0.437994
0.836516 -0.258821 -0.482962
0.965926 -0.258820 0.000000
0.965926 -0.258820 0.000000
0.875983 -0.482342 0.000001
0.758623 -0.482341 -0.437994
0.875983 -0.482342 0.000001
0.965926 -0.258820 0.000000
0.836517 -0.258822 0.482961
0.836517 -0.258822 0.482961
0.758623 -0.482343 0.437991
0.875983 -0.482342 0.000001
0.758623 -0.482343 0.437991
0.836517 -0.258822 0.482961
0.482965 -0.258825 0.836513
0.482965 -0.258825 0.836513
0.437995 -0.482345 0.758620
0.758623 -0.482343 0.437991
0.437995 -0.482345 0.758620
0.482965 -0.258825 0.836513
0.000001 -0.258823 0.965925
0.000001 -0.258823 0.965925
0.000001 -0.482346 0.875981
0.437995 -0.482345 0.758620
0.000000 -0.821408 0.570341
-0.000000 -0.821408 0.570341
0.000000 -0.686364 0.727258
0.000000 -0.686364 0.727258
0.000000 -0.686364 0.727258
0.000000 -0.821408 0.570341
-0.000001 -0.964526 0.263988
-0.000001 -0.964526 0.263988
-0.000000 -0.821408 0.570341
-0.000000 -0.821408 0.570341
0.000000 -0.821408 0.570341
-0.000001 -0.964526 0.263988
-0.000000 -1.000000 -0.000001
0.000000 -1.000000 -0.000001
-0.000001 -0.964526 0.263988
-0.000001 -0.964526 0.263988
-0.000001 -0.964526 0.263988
-0.000000 -1.000000 -0.000001
0.000000 -0.821408 -0.570341
0.000000 -0.821408 -0.570341
0.000000 -0.686365 -0.727258
0.000000 -0.686365 -0.727258
0.000000 -0.686365 -0.727258
0.000000 -0.821408 -0.570341
0.000001 -0.964526 -0.263989
0.000001 -0.964526 -0.263989
0.000000 -0.821408 -0.570341
0.000000 -0.821408 -0.570341
0.000000 -0.821408 -0.570341
0.000001 -0.964526 -0.263989
0.000000 -0.821408 -0.570341
0.000000 -0.821408 -0.570341
0.000000 -0.686365 -0.727258
0.000000 -0.686365 -0.727258
0.000000 -0.686365 -0.727257
0.000000 -0.821408 -0.570341
0.000001 -0.964526 -0.263989
0.000001 -0.964526 -0.263989
0.000000 -0.821408 -0.570341
0.000000 -0.821408 -0.570341
0.000000 -0.821408 -0.570341
0.000001 -0.964526 -0.263989
0.000000 -1.000000 -0.000001
0.000000 -1.000000 -0.000001
0.000001 -0.964526 -0.263989
0.000001 -0.964526 -0.263989
0.000001 -0.964526 -0.263989
0.000000 -1.000000 -0.000001
0.000000 -0.821408 0.570341
0.000000 -0.821408 0.570341
0.000000 -0.686364 0.727258
0.000000 -0.686364 0.727258
0.000000 -0.686364 0.727258
0.000000 -0.821408 0.570341
0.000000 -0.964526 0.263988
0.000000 -0.964526 0.263988
0.000000 -0.821408 0.570341
0.000000 -0.821408 0.570341
0.000000 -0.821408 0.570341
0.000000 -0.964526 0.263988
-1.000000 0.000000 -0.000002
-0.847438 -0.000000 0.530894
-0.847435 0.265448 0.459772
-1.000000 0.000000 -0.000002
-0.847435 0.265448 0.459772
-0.847437 0.459772 0.265442
-1.000000 0.000000 -0.000002
-0.847437 0.459772 0.265442
-0.847436 0.530898 0.000000
-1.000000 0.000000 -0.000002
-0.847436 0.530898 0.000000
-0.847435 0.459770 -0.265452
-1.000000 0.000000 -0.000002
-0.847435 0.459770 -0.265452
-0.847435 0.265447 -0.459774
-1.000000 0.000000 -0.000002
-0.847435 0.265447 -0.459774
-0.847435 -0.000000 -0.530899
-1.000000 0.000000 -0.000002
-0.847435 -0.000000 -0.530899
-0.847435 -0.265447 -0.459775
-1.000000 0.000000 -0.000002
-0.847435 -0.265447 -0.459775
-0.847435 -0.459770 -0.265454
-1.000000 0.000000 -0.000002
-0.847435 -0.459770 -0.265454
-0.847436 -0.530898 -0.000001
-1.000000 0.000000 -0.000002
-0.847436 -0.530898 -0.000001
-0.847436 -0.459771 0.265447
-1.000000 0.000000 -0.000002
-0.847436 -0.459771 0.265447
-0.847437 -0.265451 0.459768
-1.000000 0.000000 -0.000002
-0.847437 -0.265451 0.459768
-0.847438 -0.000000 0.530894
-0.847438 -0.000000 0.530894
-0.482341 -0.000003 0.875984
-0.482346 0.437995 0.758619
-0.482346 0.437995 0.758619
-0.847435 0.265448 0.459772
-0.847438 -0.000000 0.530894
-0.847435 0.265448 0.459772
-0.482346 0.437995 0.758619
-0.482342 0.758623 0.437992
-0.482342 0.758623 0.437992
-0.847437 0.459772 0.265442
-0.847435 0.265448 0.459772
-0.847437 0.459772 0.265442
-0.482342 0.758623 0.437992
-0.482343 0.875982 -0.000001
-0.482343 0.875982 -0.000001
-0.847436 0.530898 0.000000
-0.847437 0.459772 0.265442
-0.847436 0.530898 0.000000
-0.482343 0.875982 -0.000001
-0.482341 0.758624 -0.437992
-0.482341 0.758624 -0.437992
-0.847435 0.459770 -0.265452
-0.847436 0.530898 0.000000
-0.847435 0.459770 -0.265452
-0.482341 0.758624 -0.437992
-0.482342 0.437989 -0.758625
-0.482342 0.437989 -0.758625
-0.847435 0.265447 -0.459774
-0.847435 0.459770 -0.265452
-0.847435 0.265447 -0.459774
-0.482342 0.437989 -0.758625
-0.482342 0.000000 -0.875983
-0.482342 0.000000 -0.875983
-0.847435 -0.000000 -0.530899
-0.847435 0.265447 -0.459774
-0.847435 -0.000000 -0.530899
-0.482342 0.000000 -0.875983
-0.482342 -0.437990 -0.758624
-0.482342 -0.437990 -0.758624
-0.847435 -0.265447 -0.459775
-0.847435 -0.000000 -0.530899
-0.847435 -0.265447 -0.459775
-0.482342 -0.437990 -0.758624
-0.482342 -0.758622 -0.437994
-0.482342 -0.758622 -0.437994
-0.847435 -0.459770 -0.265454
-0.847435 -0.265447 -0.459775
-0.847435 -0.459770 -0.265454
-0.482342 -0.758622 -0.437994
-0.482342 -0.875983 -0.000002
-0.482342 -0.875983 -0.000002
-0.847436 -0.530898 -0.000001
-0.847435 -0.459770 -0.265454
-0.847436 -0.530898 -0.000001
-0.482342 -0.875983 -0.000002
-0.482344 -0.758624 0.437988
-0.482344 -0.758624 0.437988
-0.847436 -0.459771 0.265447
-0.847436 -0.530898 -0.000001
-0.847436 -0.459771 0.265447
-0.482344 -0.758624 0.437988
-0.482345 -0.437993 0.758621
-0.482345 -0.437993 0.758621
-0.847437 -0.265451 0.459768
-0.847436 -0.459771 0.265447
-0.847437 -0.265451 0.459768
-0.482345 -0.437993 0.758621
-0.482341 -0.000003 0.875984
-0.482341 -0.000003 0.875984
-0.847438 -0.000000 0.530894
-0.847437 -0.265451 0.459768
-0.482341 -0.000003 0.875984
-0.258809 -0.000005 0.965928
-0.258820 0.482965 0.836515
-0.258820 0.482965 0.836515
-0.482346 0.437995 0.758619
-0.482341 -0.000003 0.875984
-0.482346 0.437995 0.758619
-0.258820 0.482965 0.836515
-0.258818 0.836518 0.482961
-0.258818 0.836518 0.482961
-0.482342 0.758623 0.437992
-0.482346 0.437995 0.758619
-0.482342 0.758623 0.437992
-0.258818 0.836518 0.482961
-0.258819 0.965926 -0.000003
-0.258819 0.965926 -0.000003
-0.482343 0.875982 -0.000001
-0.482342 0.758623 0.437992
-0.482343 0.875982 -0.000001
-0.258819 0.965926 -0.000003
-0.258815 0.836517 -0.482964
-0.258815 0.836517 -0.482964
-0.482341 0.758624 -0.437992
-0.482343 0.875982 -0.000001
-0.482341 0.758624 -0.437992
-0.258815 0.836517 -0.482964
-0.258818 0.482962 -0.836517
-0.258818 0.482962 -0.836517
-0.482342 0.437989 -0.758625
-0.482341 0.758624 -0.437992
-0.482342 0.437989 -0.758625
-0.258818 0.482962 -0.836517
-0.258818 -0.000000 -0.965926
-0.258818 -0.000000 -0.965926
-0.482342 0.000000 -0.875983
-0.482342 0.437989 -0.758625
-0.482342 0.000000 -0.875983
-0.258818 -0.000000 -0.965926
-0.258818 -0.482962 -0.836517
-0.258818 -0.482962 -0.836517
-0.482342 -0.437990 -0.758624
-0.482342 0.000000 -0.875983
-0.482342 -0.437990 -0.758624
-0.258818 -0.482962 -0.836517
-0.258818 -0.836515 -0.482965
-0.258818 -0.836515 -0.482965
-0.482342 -0.758622 -0.437994
-0.482342 -0.437990 -0.758624
-0.482342 -0.758622 -0.437994
-0.258818 -0.836515 -0.482965
-0.258818 -0.965926 -0.000002
-0.258818 -0.965926 -0.000002
-0.482342 -0.875983 -0.000002
-0.482342 -0.758622 -0.437994
-0.482342 -0.875983 -0.000002
-0.258818 -0.965926 -0.000002
-0.258818 -0.836520 0.482958
-0.258818 -0.836520 0.482958
-0.482344 -0.758624 0.437988
-0.482342 -0.875983 -0.000002
-0.482344 -0.758624 0.437988
-0.258818 -0.836520 0.482958
-0.258825 -0.482958 0.836517
-0.258825 -0.482958 0.836517
-0.482345 -0.437993 0.758621
-0.482344 -0.758624 0.437988
-0.482345 -0.437993 0.758621
-0.258825 -0.482958 0.836517
-0.258809 -0.000005 0.965928
-0.258809 -0.000005 0.965928
-0.482341 -0.000003 0.875984
-0.482345 -0.437993 0.758621
1.000000 -0.000001 -0.000004
0.847439 -0.000006 0.530894
0.847433 -0.265445 0.459778
1.000000 -0.000001 -0.000004
0.847433 -0.265445 0.459778
0.847439 -0.459774 0.265435
1.000000 -0.000001 -0.000004
0.847439 -0.459774 0.265435
0.847435 -0.530899 -0.000000
1.000000 -0.000001 -0.000004
0.847435 -0.530899 -0.000000
0.847434 -0.459771 -0.265454
1.000000 -0.000001 -0.000004
0.847434 -0.459771 -0.265454
0.847433 -0.265446 -0.459778
1.000000 -0.000001 -0.000004
0.847433 -0.265446 -0.459778
0.847437 0.000005 -0.530897
1.000000 -0.000001 -0.000004
0.847437 0.000005 -0.530897
0.847432 0.265441 -0.459784
1.000000 -0.000001 -0.000004
0.847432 0.265441 -0.459784
0.847434 0.459771 -0.265455
1.000000 -0.000001 -0.000004
0.847434 0.459771 -0.265455
0.847436 0.530898 -0.000002
1.000000 -0.000001 -0.000004
0.847436 0.530898 -0.000002
0.847436 0.459773 0.265443
1.000000 -0.000001 -0.000004
0.847436 0.459773 0.265443
0.847434 0.265453 0.459773
1.000000 -0.000001 -0.000004
0.847434 0.265453 0.459773
0.847439 -0.000006 0.530894
0.847439 -0.000006 0.530894
0.482341 -0.000000 0.875984
0.482341 -0.437992 0.758623
0.482341 -0.437992 0.758623
0.847433 -0.265445 0.459778
0.847439 -0.000006 0.530894
0.847433 -0.265445 0.459778
0.482341 -0.437992 0.758623
0.482338 -0.758623 0.437996
0.482338 -0.758623 0.437996
0.847439 -0.459774 0.265435
0.847433 -0.265445 0.459778
0.847439 -0.459774 0.265435
0.482338 -0.758623 0.437996
0.482342 -0.875983 -0.000005
0.482342 -0.875983 -0.000005
0.847435 -0.530899 -0.000000
0.847439 -0.459774 0.265435
0.847435 -0.530899 -0.000000
0.482342 -0.875983 -0.000005
0.482338 -0.758624 -0.437995
0.482338 -0.758624 -0.437995
0.847434 -0.459771 -0.265454
0.847435 -0.530899 -0.000000
0.847434 -0.459771 -0.265454
0.482338 -0.758624 -0.437995
0.482341 -0.437989 -0.758626
0.482341 -0.437989 -0.758626
0.847433 -0.265446 -0.459778
0.847434 -0.459771 -0.265454
0.847433 -0.265446 -0.459778
0.482341 -0.437989 -0.758626
0.482340 -0.000002 -0.875984
0.482340 -0.000002 -0.875984
0.847437 0.000005 -0.530897
0.847433 -0.265446 -0.459778
0.847437 0.000005 -0.530897
0.482340 -0.000002 -0.875984
0.482342 0.437993 -0.758623
0.482342 0.437993 -0.758623
0.847432 0.265441 -0.459784
0.847437 0.000005 -0.530897
0.847432 0.265441 -0.459784
0.482342 0.437993 -0.758623
0.482337 0.758622 -0.438000
0.482337 0.758622 -0.438000
0.847434 0.459771 -0.265455
0.847432 0.265441 -0.459784
0.847434 0.459771 -0.265455
0.482337 0.758622 -0.438000
0.482341 0.875984 -0.000004
0.482341 0.875984 -0.000004
0.847436 0.530898 -0.000002
0.847434 0.459771 -0.265455
0.847436 0.530898 -0.000002
0.482341 0.875984 -0.000004
0.482342 0.758623 0.437993
0.482342 0.758623 0.437993
0.847436 0.459773 0.265443
0.847436 0.530898 -0.000002
0.847436 0.459773 0.265443
0.482342 0.758623 0.437993
0.482342 0.437990 0.758624
0.482342 0.437990 0.758624
0.847434 0.265453 0.459773
0.847436 0.459773 0.265443
0.847434 0.265453 0.459773
0.482342 0.437990 0.758624
0.482341 -0.000000 0.875984
0.482341 -0.000000 0.875984
0.847439 -0.000006 0.530894
0.847434 0.265453 0.459773
0.482341 -0.000000 0.875984
0.258817 0.000003 0.965926
0.258823 -0.482967 0.836513
0.258823 -0.482967 0.836513
0.482341 -0.437992 0.758623
0.482341 -0.000000 0.875984
0.482341 -0.437992 0.758623
0.258823 -0.482967 0.836513
0.258814 -0.836518 0.482962
0.258814 -0.836518 0.482962
0.482338 -0.758623 0.437996
0.482341 -0.437992 0.758623
0.482338 -0.758623 0.437996
0.258814 -0.836518 0.482962
0.258819 -0.965926 -0.000006
0.258819 -0.965926 -0.000006
0.482342 -0.875983 -0.000005
0.482338 -0.758623 0.437996
0.482342 -0.875983 -0.000005
0.258819 -0.965926 -0.000006
0.258811 -0.836520 -0.482960
0.258811 -0.836520 -0.482960
0.482338 -0.758624 -0.437995
0.482342 -0.875983 -0.000005
0.482338 -0.758624 -0.437995
0.258811 -0.836520 -0.482960
0.258822 -0.482958 -0.836518
0.258822 -0.482958 -0.836518
0.482341 -0.437989 -0.758626
0.482338 -0.758624 -0.437995
0.482341 -0.437989 -0.758626
0.258822 -0.482958 -0.836518
0.258815 -0.000005 -0.965927
0.258815 -0.000005 -0.965927
0.482340 -0.000002 -0.875984
0.482341 -0.437989 -0.758626
0.482340 -0.000002 -0.875984
0.258815 -0.000005 -0.965927
0.258822 0.482965 -0.836514
0.258822 0.482965 -0.836514
0.482342 0.437993 -0.758623
0.482340 -0.000002 -0.875984
0.482342 0.437993 -0.758623
0.258822 0.482965 -0.836514
0.258815 0.836516 -0.482965
0.258815 0.836516 -0.482965
0.482337 0.758622 -0.438000
0.482342 0.437993 -0.758623
0.482337 0.758622 -0.438000
0.258815 0.836516 -0.482965
0.258818 0.965926 -0.000004
0.258818 0.965926 -0.000004
0.482341 0.875984 -0.000004
0.482337 0.758622 -0.438000
0.482341 0.875984 -0.000004
0.258818 0.965926 -0.000004
0.258811 0.836523 0.482956
0.258811 0.836523 0.482956
0.482342 0.758623 0.437993
0.482341 0.875984 -0.000004
0.482342 0.758623 0.437993
0.258811 0.836523 0.482956
0.258822 0.482959 0.836518
0.258822 0.482959 0.836518
0.482342 0.437990 0.758624
0.482342 0.758623 0.437993
0.482342 0.437990 0.758624
0.258822 0.482959 0.836518
0.258817 0.000003 0.965926
0.258817 0.000003 0.965926
0.482341 -0.000000 0.875984
0.482342 0.437990 0.758624
-1.000000 0.000000 -0.000002
-0.847439 0.000002 0.530893
-0.847434 0.265445 0.459778
-1.000000 0.000000 -0.000002
-0.847434 0.265445 0.459778
-0.847438 0.459773 0.265439
-1.000000 0.000000 -0.000002
-0.847438 0.459773 0.265439
-0.847435 0.530899 0.000000
-1.000000 0.000000 -0.000002
-0.847435 0.530899 0.000000
-0.847435 0.459771 -0.265453
-1.000000 0.000000 -0.000002
-0.847435 0.459771 -0.265453
-0.847433 0.265446 -0.459778
-1.000000 0.000000 -0.000002
-0.847433 0.265446 -0.459778
-0.847434 -0.000002 -0.530900
-1.000000 0.000000 -0.000002
-0.847434 -0.000002 -0.530900
-0.847432 -0.265443 -0.459781
-1.000000 0.000000 -0.000002
-0.847432 -0.265443 -0.459781
-0.847435 -0.459771 -0.265454
-1.000000 0.000000 -0.000002
-0.847435 -0.459771 -0.265454
-0.847436 -0.530898 -0.000002
-1.000000 0.000000 -0.000002
-0.847436 -0.530898 -0.000002
-0.847436 -0.459772 0.265446
-1.000000 0.000000 -0.000002
-0.847436 -0.459772 0.265446
-0.847435 -0.265451 0.459771
-1.000000 0.000000 -0.000002
-0.847435 -0.265451 0.459771
-0.847439 0.000002 0.530893
-0.847439 0.000002 0.530893
-0.482342 -0.000001 0.875983
-0.482343 0.437995 0.758621
-0.482343 0.437995 0.758621
-0.847434 0.265445 0.459778
-0.847439 0.000002 0.530893
-0.847434 0.265445 0.459778
-0.482343 0.437995 0.758621
-0.482338 0.758623 0.437996
-0.482338 0.758623 0.437996
-0.847438 0.459773 0.265439
-0.847434 0.265445 0.459778
-0.847438 0.459773 0.265439
-0.482338 0.758623 0.437996
-0.482342 0.875983 -0.000002
-0.482342 0.875983 -0.000002
-0.847435 0.530899 0.000000
-0.847438 0.459773 0.265439
-0.847435 0.530899 0.000000
-0.482342 0.875983 -0.000002
-0.482338 0.758623 -0.437996
-0.482338 0.758623 -0.437996
-0.847435 0.459771 -0.265453
-0.847435 0.530899 0.000000
-0.847435 0.459771 -0.265453
-0.482338 0.758623 -0.437996
-0.482339 0.437988 -0.758628
-0.482339 0.437988 -0.758628
-0.847433 0.265446 -0.459778
-0.847435 0.459771 -0.265453
-0.847433 0.265446 -0.459778
-0.482339 0.437988 -0.758628
-0.482340 -0.000001 -0.875984
-0.482340 -0.000001 -0.875984
-0.847434 -0.000002 -0.530900
-0.847433 0.265446 -0.459778
-0.847434 -0.000002 -0.530900
-0.482340 -0.000001 -0.875984
-0.482338 -0.437989 -0.758627
-0.482338 -0.437989 -0.758627
-0.847432 -0.265443 -0.459781
-0.847434 -0.000002 -0.530900
-0.847432 -0.265443 -0.459781
-0.482338 -0.437989 -0.758627
-0.482338 -0.758622 -0.437999
-0.482338 -0.758622 -0.437999
-0.847435 -0.459771 -0.265454
-0.847432 -0.265443 -0.459781
-0.847435 -0.459771 -0.265454
-0.482338 -0.758622 -0.437999
-0.482341 -0.875984 -0.000003
-0.482341 -0.875984 -0.000003
-0.847436 -0.530898 -0.000002
-0.847435 -0.459771 -0.265454
-0.847436 -0.530898 -0.000002
-0.482341 -0.875984 -0.000003
-0.482342 -0.758623 0.437991
-0.482342 -0.758623 0.437991
-0.847436 -0.459772 0.265446
-0.847436 -0.530898 -0.000002
-0.847436 -0.459772 0.265446
-0.482342 -0.758623 0.437991
-0.482344 -0.437992 0.758622
-0.482344 -0.437992 0.758622
-0.847435 -0.265451 0.459771
-0.847436 -0.459772 0.265446
-0.847435 -0.265451 0.459771
-0.482344 -0.437992 0.758622
-0.482342 -0.000001 0.875983
-0.482342 -0.000001 0.875983
-0.847439 0.000002 0.530893
-0.847435 -0.265451 0.459771
-0.482342 -0.000001 0.875983
-0.258815 -0.000004 0.965927
-0.258824 0.482967 0.836512
-0.258824 0.482967 0.836512
-0.482343 0.437995 0.758621
-0.482342 -0.000001 0.875983
-0.482343 0.437995 0.758621
-0.258824 0.482967 0.836512
-0.258816 0.836518 0.482961
-0.258816 0.836518 0.482961
-0.482338 0.758623 0.437996
-0.482343 0.437995 0.758621
-0.482338 0.758623 0.437996
-0.258816 0.836518 0.482961
-0.258819 0.965926 -0.000003
-0.258819 0.965926 -0.000003
-0.482342 0.875983 -0.000002
-0.482338 0.758623 0.437996
-0.482342 0.875983 -0.000002
-0.258819 0.965926 -0.000003
-0.258813 0.836517 -0.482964
-0.258813 0.836517 -0.482964
-0.482338 0.758623 -0.437996
-0.482342 0.875983 -0.000002
-0.482338 0.758623 -0.437996
-0.258813 0.836517 -0.482964
-0.258817 0.482961 -0.836518
-0.258817 0.482961 -0.836518
-0.482339 0.437988 -0.758628
-0.482338 0.758623 -0.437996
-0.482339 0.437988 -0.758628
-0.258817 0.482961 -0.836518
-0.258819 0.000000 -0.965926
-0.258819 0.000000 -0.965926
-0.482340 -0.000001 -0.875984
-0.482339 0.437988 -0.758628
-0.482340 -0.000001 -0.875984
-0.258819 0.000000 -0.965926
-0.258818 -0.482961 -0.836517
-0.258818 -0.482961 -0.836517
-0.482338 -0.437989 -0.758627
-0.482340 -0.000001 -0.875984
-0.482338 -0.437989 -0.758627
-0.258818 -0.482961 -0.836517
-0.258816 -0.836515 -0.482967
-0.258816 -0.836515 -0.482967
-0.482338 -0.758622 -0.437999
-0.482338 -0.437989 -0.758627
-0.482338 -0.758622 -0.437999
-0.258816 -0.836515 -0.482967
-0.258818 -0.965926 -0.000003
-0.258818 -0.965926 -0.000003
-0.482341 -0.875984 -0.000003
-0.482338 -0.758622 -0.437999
-0.482341 -0.875984 -0.000003
-0.258818 -0.965926 -0.000003
-0.258815 -0.836521 0.482957
-0.258815 -0.836521 0.482957
-0.482342 -0.758623 0.437991
-0.482341 -0.875984 -0.000003
-0.482342 -0.758623 0.437991
-0.258815 -0.836521 0.482957
-0.258826 -0.482959 0.836517
-0.258826 -0.482959 0.836517
-0.482344 -0.437992 0.758622
-0.482342 -0.758623 0.437991
-0.482344 -0.437992 0.758622
-0.258826 -0.482959 0.836517
-0.258815 -0.000004 0.965927
-0.258815 -0.000004 0.965927
-0.482342 -0.000001 0.875983
-0.482344 -0.437992 0.758622
1.000000 -0.000001 -0.000003
0.847440 -0.000006 0.530891
0.847435 -0.265444 0.459774
1.000000 -0.000001 -0.000003
0.847435 -0.265444 0.459774
0.847440 -0.459771 0.265435
1.000000 -0.000001 -0.000003
0.847440 -0.459771 0.265435
0.847437 -0.530896 0.000000
1.000000 -0.000001 -0.000003
0.847437 -0.530896 0.000000
0.847436 -0.459768 -0.265452
1.000000 -0.000001 -0.000003
0.847436 -0.459768 -0.265452
0.847435 -0.265442 -0.459776
1.000000 -0.000001 -0.000003
0.847435 -0.265442 -0.459776
0.847438 0.000004 -0.530895
1.000000 -0.000001 -0.000003
0.847438 0.000004 -0.530895
0.847433 0.265439 -0.459781
1.000000 -0.000001 -0.000003
0.847433 0.265439 -0.459781
0.847436 0.459768 -0.265454
1.000000 -0.000001 -0.000003
0.847436 0.459768 -0.265454
0.847437 0.530895 -0.000002
1.000000 -0.000001 -0.000003
0.847437 0.530895 -0.000002
0.847438 0.459770 0.265442
1.000000 -0.000001 -0.000003
0.847438 0.459770 0.265442
0.847436 0.265452 0.459770
1.000000 -0.000001 -0.000003
0.847436 0.265452 0.459770
0.847440 -0.000006 0.530891
0.847440 -0.000006 0.530891
0.482340 0.000001 0.875984
0.482342 -0.437993 0.758622
0.482342 -0.437993 0.758622
0.847435 -0.265444 0.459774
0.847440 -0.000006 0.530891
0.847435 -0.265444 0.459774
0.482342 -0.437993 0.758622
0.482338 -0.758624 0.437995
0.482338 -0.758624 0.437995
0.847440 -0.459771 0.265435
0.847435 -0.265444 0.459774
0.847440 -0.459771 0.265435
0.482338 -0.758624 0.437995
0.482341 -0.875983 -0.000003
0.482341 -0.875983 -0.000003
0.847437 -0.530896 0.000000
0.847440 -0.459771 0.265435
0.847437 -0.530896 0.000000
0.482341 -0.875983 -0.000003
0.482337 -0.758624 -0.437996
0.482337 -0.758624 -0.437996
0.847436 -0.459768 -0.265452
0.847437 -0.530896 0.000000
0.847436 -0.459768 -0.265452
0.482337 -0.758624 -0.437996
0.482339 -0.437988 -0.758627
0.482339 -0.437988 -0.758627
0.847435 -0.265442 -0.459776
0.847436 -0.459768 -0.265452
0.847435 -0.265442 -0.459776
0.482339 -0.437988 -0.758627
0.482340 0.000000 -0.875984
0.482340 0.000000 -0.875984
0.847438 0.000004 -0.530895
0.847435 -0.265442 -0.459776
0.847438 0.000004 -0.530895
0.482340 0.000000 -0.875984
0.482340 0.437990 -0.758626
0.482340 0.437990 -0.758626
0.847433 0.265439 -0.459781
0.847438 0.000004 -0.530895
0.847433 0.265439 -0.459781
0.482340 0.437990 -0.758626
0.482336 0.758622 -0.438000
0.482336 0.758622 -0.438000
0.847436 0.459768 -0.265454
0.847433 0.265439 -0.459781
0.847436 0.459768 -0.265454
0.482336 0.758622 -0.438000
0.482340 0.875984 -0.000003
0.482340 0.875984 -0.000003
0.847437 0.530895 -0.000002
0.847436 0.459768 -0.265454
0.847437 0.530895 -0.000002
0.482340 0.875984 -0.000003
0.482341 0.758622 0.437994
0.482341 0.758622 0.437994
0.847438 0.459770 0.265442
0.847437 0.530895 -0.000002
0.847438 0.459770 0.265442
0.482341 0.758622 0.437994
0.482342 0.437990 0.758624
0.482342 0.437990 0.758624
0.847436 0.265452 0.459770
0.847438 0.459770 0.265442
0.847436 0.265452 0.459770
0.482342 0.437990 0.758624
0.482340 0.000001 0.875984
0.482340 0.000001 0.875984
0.847440 -0.000006 0.530891
0.847436 0.265452 0.459770
0.482340 0.000001 0.875984
0.258812 0.000004 0.965928
0.258820 -0.482966 0.836514
0.258820 -0.482966 0.836514
0.482342 -0.437993 0.758622
0.482340 0.000001 0.875984
0.482342 -0.437993 0.758622
0.258820 -0.482966 0.836514
0.258814 -0.836519 0.482961
0.258814 -0.836519 0.482961
0.482338 -0.758624 0.437995
0.482342 -0.437993 0.758622
0.482338 -0.758624 0.437995
0.258814 -0.836519 0.482961
0.258816 -0.965926 -0.000005
0.258816 -0.965926 -0.000005
0.482341 -0.875983 -0.000003
0.482338 -0.758624 0.437995
0.482341 -0.875983 -0.000003
0.258816 -0.965926 -0.000005
0.258807 -0.836520 -0.482962
0.258807 -0.836520 -0.482962
0.482337 -0.758624 -0.437996
0.482341 -0.875983 -0.000003
0.482337 -0.758624 -0.437996
0.258807 -0.836520 -0.482962
0.258815 -0.482961 -0.836519
0.258815 -0.482961 -0.836519
0.482339 -0.437988 -0.758627
0.482337 -0.758624 -0.437996
0.482339 -0.437988 -0.758627
0.258815 -0.482961 -0.836519
0.258815 -0.000002 -0.965927
0.258815 -0.000002 -0.965927
0.482340 0.000000 -0.875984
0.482339 -0.437988 -0.758627
0.482340 0.000000 -0.875984
0.258815 -0.000002 -0.965927
0.258817 0.482965 -0.836516
0.258817 0.482965 -0.836516
0.482340 0.437990 -0.758626
0.482340 0.000000 -0.875984
0.482340 0.437990 -0.758626
0.258817 0.482965 -0.836516
0.258812 0.836517 -0.482966
0.258812 0.836517 -0.482966
0.482336 0.758622 -0.438000
0.482340 0.437990 -0.758626
0.482336 0.758622 -0.438000
0.258812 0.836517 -0.482966
0.258816 0.965927 -0.000003
0.258816 0.965927 -0.000003
0.482340 0.875984 -0.000003
0.482336 0.758622 -0.438000
0.482340 0.875984 -0.000003
0.258816 0.965927 -0.000003
0.258808 0.836523 0.482957
0.258808 0.836523 0.482957
0.482341 0.758622 0.437994
0.482340 0.875984 -0.000003
0.482341 0.758622 0.437994
0.258808 0.836523 0.482957
0.258820 0.482958 0.836519
0.258820 0.482958 0.836519
0.482342 0.437990 0.758624
0.482341 0.758622 0.437994
0.482342 0.437990 0.758624
0.258820 0.482958 0.836519
0.258812 0.000004 0.965928
0.258812 0.000004 0.965928
0.482340 0.000001 0.875984
0.482342 0.437990 0.758624
-1.000000 0.000000 0.000000
-1.000000 0.000000 0.000000
-1.000000 0.000000 0.000000
-1.000000 0.000000 0.000000
-1.000000 0.000000 0.000000
-1.000000 0.000000 0.000000
-1.000000 0.000000 0.000000
-1.000000 0.000000 0.000000
-1.000000 0.000000 0.000000
-1.000000 0.000000 0.000000
-1.000000 0.000000 0.000000
-1.000000 0.000000 0.000000
1.000000 0.000000 0.000000
1.000000 0.000000 0.000000
1.000000 0.000000 0.000000
1.000000 0.000000 0.000000
1.000000 0.000000 0.000000
1.000000 0.000000 0.000000
1.000000 0.000000 0.000000
1.000000 0.000000 0.000000
1.000000 0.000000 0.000000
1.000000 0.000000 0.000000
1.000000 0.000000 0.000000
1.000000 0.000000 0.000000
1.000000 0.000000 0.000000
1.000000 0.000000 0.000000
1.000000 0.000000 0.000000
1.000000 0.000000 0.000000
1.000000 0.000000 0.000000
1.000000 0.000000 0.000000
1.000000 0.000000 0.000000
1.000000 0.000000 0.000000
1.000000 0.000000 0.000000
1.000000 0.000000 0.000000
1.000000 0.000000 0.000000
1.000000 0.000000 0.000000
-1.000000 0.000000 0.000000
-1.000000 0.000000 0.000000
-1.000000 0.000000 0.000000
-1.000000 0.000000 0.000000
-1.000000 0.000000 0.000000
-1.000000 0.000000 0.000000
-1.000000 0.000000 0.000000
-1.000000 0.000000 0.000000
-1.000000 0.000000 0.000000
-1.000000 0.000000 0.000000
-1.000000 0.000000 0.000000
-1.000000 0.000000 0.000000
-1.000000 0.000000 0.000000
-1.000000 0.000000 0.000000
-1.000000 0.000000 0.000000
-1.000000 0.000000 0.000000
-1.000000 0.000000 0.000000
-1.000000 0.000000 0.000000
-1.000000 0.000000 0.000000
-1.000000 0.000000 0.000000
-1.000000 0.000000 0.000000
-1.000000 0.000000 0.000000
-1.000000 0.000000 0.000000
-1.000000 0.000000 0.000000
1.000000 0.000000 0.000000
1.000000 0.000000 0.000000
1.000000 0.000000 0.000000
1.000000 0.000000 0.000000
1.000000 0.000000 0.000000
1.000000 0.000000 0.000000
1.000000 0.000000 0.000000
1.000000 0.000000 0.000000
1.000000 0.000000 0.000000
1.000000 0.000000 0.000000
1.000000 0.000000 0.000000
1.000000 0.000000 0.000000
1.000000 0.000000 0.000000
1.000000 0.000000 0.000000
1.000000 0.000000 0.000000
1.000000 0.000000 0.000000
1.000000 0.000000 0.000000
1.000000 0.000000 0.000000
1.000000 0.000000 0.000000
1.000000 0.000000 0.000000
1.000000 0.000000 0.000000
1.000000 0.000000 0.000000
1.000000 0.000000 0.000000
1.000000 0.000000 0.000000
-1.000000 0.000000 0.000000
-1.000000 0.000000 0.000000
-1.000000 0.000000 0.000000
-1.000000 0.000000 0.000000
-1.000000 0.000000 0.000000
-1.000000 0.000000 0.000000
-1.000000 0.000000 0.000000
-1.000000 0.000000 0.000000
-1.000000 0.000000 0.000000
-1.000000 0.000000 0.000000
-1.000000 0.000000 0.000000
-1.000000 0.000000 0.000000
0.000000 1.000000 0.000000
0.000000 1.000000 0.000000
0.000000 1.000000 0.000000
-0.000000 1.000000 0.000000
-0.000000 1.000000 0.000000
-0.000000 1.000000 0.000000
0.000000 -1.000000 -0.000000
0.000000 -1.000000 -0.000000
0.000000 -1.000000 -0.000000
0.000000 -1.000000 -0.000000
0.000000 -1.000000 -0.000000
0.000000 -1.000000 -0.000000
0.000000 -1.000000 -0.000000
0.000000 -1.000000 -0.000000
0.000000 -1.000000 -0.000000
0.000000 -1.000000 -0.000000
0.000000 -1.000000 -0.000000
0.000000 -1.000000 -0.000000
0.000000 -1.000000 -0.000000
0.000000 -1.000000 -0.000000
0.000000 -1.000000 -0.000000
0.000000 -1.000000 -0.000000
0.000000 -1.000000 -0.000000
0.000000 -1.000000 -0.000000
0.000000 -1.000000 -0.000000
0.000000 -1.000000 -0.000000
0.000000 -1.000000 -0.000000
0.000000 -1.000000 -0.000000
0.000000 -1.000000 -0.000000
0.000000 -1.000000 -0.000000
</float_array>
          <technique_common>
            <accessor source="#SwitchMain-lib-Normal0-array" count="2796" stride="3">
              <param name="X" type="float"/>
              <param name="Y" type="float"/>
              <param name="Z" type="float"/>
            </accessor>
          </technique_common>
        </source>
        <source id="SwitchMain-lib-UV0">
          <float_array id="SwitchMain-lib-UV0-array" count="1400">
0.092742 0.270520
0.565923 0.270520
0.565923 0.930255
0.092742 0.930255
0.092742 0.202367
0.565923 0.202367
0.657152 0.270520
0.657152 0.930255
0.565923 0.998407
0.092742 0.998407
0.914035 0.644050
0.914035 0.704995
0.001513 0.930255
0.001513 0.270520
0.904962 0.704995
0.904962 0.644050
0.752581 0.389137
0.762627 0.389137
0.742269 0.389118
0.752315 0.389118
0.897832 0.323270
0.762489 0.322581
0.897832 0.217244
0.762489 0.216554
0.856573 0.323270
0.856573 0.217244
0.803748 0.216554
0.803748 0.322581
0.672190 0.042469
0.733135 0.042469
0.733135 0.051542
0.672190 0.051542
0.742208 0.051543
0.742208 0.205819
0.733135 0.205819
0.733135 0.214892
0.672190 0.214892
0.672190 0.205819
0.663117 0.205819
0.663117 0.051543
0.668641 0.910911
0.668641 0.914950
0.666622 0.914409
0.665143 0.912931
0.664602 0.910911
0.665143 0.908892
0.666622 0.907413
0.668641 0.906872
0.670661 0.907413
0.672139 0.908892
0.672680 0.910911
0.672139 0.912931
0.670661 0.914409
0.668641 0.917907
0.665143 0.916970
0.662583 0.914409
0.661645 0.910911
0.662583 0.907413
0.665143 0.904853
0.668641 0.903915
0.672139 0.904853
0.674700 0.907413
0.675637 0.910911
0.674700 0.914409
0.672139 0.916970
0.668641 0.918989
0.664602 0.917907
0.661645 0.914950
0.660563 0.910911
0.661645 0.906872
0.664602 0.903915
0.668641 0.902833
0.672680 0.903915
0.675637 0.906872
0.676719 0.910911
0.675637 0.914950
0.672680 0.917907
0.762992 0.121297
0.752946 0.121297
0.752946 0.099603
0.762991 0.099603
0.752680 0.121278
0.742634 0.121278
0.742634 0.099584
0.752680 0.099584
0.897921 0.109317
0.897921 0.215343
0.856663 0.215343
0.831182 0.162330
0.856663 0.109317
0.762991 0.214979
0.682451 0.248041
0.678325 0.248041
0.678878 0.245978
0.680388 0.244468
0.682451 0.243915
0.684513 0.244468
0.686023 0.245978
0.686576 0.248041
0.686023 0.250103
0.684513 0.251613
0.682451 0.252166
0.680388 0.251613
0.678878 0.250104
0.675305 0.248041
0.676263 0.244468
0.678878 0.241853
0.682451 0.240896
0.686023 0.241853
0.688639 0.244468
0.689596 0.248041
0.688639 0.251613
0.686023 0.254229
0.682451 0.255186
0.678878 0.254229
0.676263 0.251613
0.674200 0.248041
0.675305 0.243915
0.678325 0.240896
0.682451 0.239790
0.686576 0.240896
0.689596 0.243915
0.690701 0.248041
0.689596 0.252166
0.686576 0.255186
0.682451 0.256291
0.678325 0.255186
0.675305 0.252166
0.752855 0.214979
0.752946 0.173721
0.914151 0.926444
0.914151 0.987389
0.905078 0.987389
0.905078 0.926444
0.905078 0.996462
0.686208 0.996462
0.677135 0.987389
0.677135 0.926444
0.686208 0.917371
0.905078 0.917371
0.904962 0.714068
0.686092 0.714068
0.913478 0.901426
0.785986 0.901666
0.784957 0.716853
0.913478 0.716576
0.787849 0.901426
0.784957 0.915859
0.785986 0.731046
0.913478 0.730806
0.727392 0.911685
0.728119 0.901666
0.686092 0.704995
0.677019 0.704995
0.913478 0.915657
0.787849 0.730806
0.855762 0.730806
0.855762 0.720760
0.762992 0.173721
0.898196 0.001828
0.898196 0.107854
0.856938 0.107854
0.831457 0.054841
0.856938 0.001828
0.752855 0.023793
0.762991 0.023793
0.762992 0.065051
0.752946 0.065051
0.752680 0.214961
0.742543 0.214961
0.742634 0.173702
0.752680 0.173702
0.762854 0.107165
0.762854 0.001139
0.804112 0.001139
0.829593 0.054152
0.804112 0.107165
0.742544 0.023774
0.752680 0.023774
0.752680 0.065032
0.742634 0.065032
0.763305 0.214970
0.763305 0.108944
0.804563 0.108944
0.830044 0.161957
0.804563 0.214970
0.682815 0.032625
0.678690 0.032625
0.679242 0.030563
0.680752 0.029053
0.682815 0.028500
0.684878 0.029053
0.686388 0.030563
0.686940 0.032625
0.686388 0.034688
0.684878 0.036198
0.682815 0.036751
0.680752 0.036198
0.679242 0.034688
0.676627 0.029053
0.675670 0.032625
0.679242 0.026437
0.682815 0.025480
0.686388 0.026437
0.689003 0.029053
0.689960 0.032625
0.689003 0.036198
0.686388 0.038813
0.682815 0.039771
0.679242 0.038813
0.676627 0.036198
0.675670 0.028500
0.674564 0.032625
0.678690 0.025480
0.682815 0.024375
0.686940 0.025480
0.689960 0.028500
0.691065 0.032625
0.689960 0.036751
0.686940 0.039771
0.682815 0.040876
0.678690 0.039771
0.671825 0.257885
0.732771 0.257885
0.732771 0.266958
0.671825 0.266958
0.741843 0.266958
0.741843 0.421235
0.732771 0.421235
0.675670 0.036751
0.732771 0.430308
0.671826 0.430308
0.671826 0.421235
0.732638 0.032525
0.662753 0.421235
0.662753 0.266958
0.728513 0.032525
0.729065 0.030462
0.762941 0.430386
0.752491 0.239208
0.762627 0.430395
0.762941 0.324360
0.742179 0.430376
0.762627 0.239208
0.752491 0.430395
0.742179 0.239190
0.762627 0.280467
0.730575 0.028952
0.732638 0.028400
0.752581 0.280467
0.804199 0.324360
0.734701 0.028952
0.752316 0.239190
0.816243 0.334480
0.699133 0.247993
0.695008 0.247993
0.695561 0.245931
0.697071 0.244421
0.699133 0.243868
0.701196 0.244421
0.702706 0.245931
0.703259 0.247993
0.702706 0.250056
0.701196 0.251566
0.699133 0.252119
0.697071 0.251566
0.695561 0.250056
0.691988 0.247993
0.692945 0.244421
0.695561 0.241806
0.699133 0.240848
0.702706 0.241806
0.705321 0.244421
0.706279 0.247993
0.705321 0.251566
0.702706 0.254181
0.699133 0.255139
0.695561 0.254181
0.692945 0.251566
0.690883 0.247993
0.691988 0.243868
0.695008 0.240848
0.699133 0.239743
0.703259 0.240848
0.706279 0.243868
0.707384 0.247993
0.706279 0.252119
0.732274 0.247941
0.728148 0.247941
0.728701 0.245878
0.730211 0.244368
0.732274 0.243815
0.734336 0.244368
0.735846 0.245878
0.736399 0.247941
0.735846 0.250003
0.734336 0.251513
0.732274 0.252066
0.730211 0.251513
0.728701 0.250003
0.725128 0.247941
0.726086 0.244368
0.728701 0.241753
0.732274 0.240795
0.735846 0.241753
0.738461 0.244368
0.739419 0.247941
0.738461 0.251513
0.735846 0.254128
0.732274 0.255086
0.728701 0.254128
0.726086 0.251513
0.724023 0.247941
0.725128 0.243815
0.728148 0.240795
0.732274 0.239690
0.736399 0.240795
0.739419 0.243815
0.740524 0.247941
0.739419 0.252066
0.736399 0.255086
0.732274 0.256191
0.728148 0.255086
0.725128 0.252066
0.668575 0.928776
0.668575 0.932815
0.666555 0.932274
0.665077 0.930795
0.664535 0.928776
0.665077 0.926756
0.666555 0.925278
0.668575 0.924737
0.670594 0.925278
0.672072 0.926756
0.672614 0.928776
0.672072 0.930795
0.670594 0.932274
0.668575 0.935772
0.897557 0.324732
0.897557 0.430759
0.856298 0.430759
0.844254 0.420638
0.736211 0.030462
0.736763 0.032525
0.844529 0.313149
0.834359 0.291703
0.831093 0.270257
0.834359 0.248811
0.742269 0.280448
0.815792 0.226675
0.825962 0.248121
0.829229 0.269567
0.825962 0.291014
0.826413 0.355926
0.829680 0.377373
0.826413 0.398819
0.816243 0.420265
0.804199 0.430386
0.736211 0.034588
0.734701 0.036097
0.732638 0.036650
0.730575 0.036097
0.703259 0.255139
0.699133 0.256244
0.695008 0.255139
0.691988 0.252119
0.715737 0.247955
0.711611 0.247955
0.712164 0.245892
0.713674 0.244382
0.715737 0.243829
0.717799 0.244382
0.719309 0.245892
0.719862 0.247955
0.719309 0.250017
0.717799 0.251527
0.715737 0.252080
0.713674 0.251527
0.712164 0.250017
0.708591 0.247955
0.709549 0.244382
0.712164 0.241767
0.715737 0.240810
0.719309 0.241767
0.721925 0.244382
0.722882 0.247955
0.721925 0.251527
0.719309 0.254143
0.715737 0.255100
0.712164 0.254143
0.709549 0.251527
0.707486 0.247955
0.708591 0.243829
0.711611 0.240810
0.715737 0.239704
0.719862 0.240810
0.722882 0.243829
0.723987 0.247955
0.722882 0.252080
0.719862 0.255100
0.715737 0.256205
0.711611 0.255100
0.708591 0.252080
0.729065 0.034588
0.726450 0.028952
0.725493 0.032525
0.729065 0.026337
0.732638 0.025380
0.736211 0.026337
0.738826 0.028952
0.739783 0.032525
0.738826 0.036097
0.736211 0.038713
0.732638 0.039670
0.729065 0.038713
0.726450 0.036097
0.725493 0.028400
0.724387 0.032525
0.728513 0.025380
0.732638 0.024274
0.736763 0.025380
0.686208 0.987389
0.677019 0.644049
0.686092 0.644049
0.686208 0.926444
0.686092 0.634977
0.904962 0.634977
0.739783 0.028400
0.740889 0.032525
0.739783 0.036650
0.660357 0.901666
0.660357 0.731046
0.718073 0.731046
0.718073 0.901666
0.855762 0.901426
0.717957 0.619271
0.717957 0.448651
0.728119 0.731046
0.727392 0.721026
0.728003 0.448651
0.728003 0.619271
0.855646 0.448411
0.736763 0.039670
0.732638 0.040775
0.728513 0.039670
0.725493 0.036650
0.752946 0.161677
0.845716 0.730806
0.855646 0.619031
0.845600 0.619031
0.845716 0.901426
0.845600 0.448411
0.660241 0.619271
0.855762 0.911472
0.660241 0.448651
0.784841 0.434458
0.785870 0.448651
0.762992 0.161677
0.752946 0.142007
0.762992 0.142007
0.762991 0.076870
0.762627 0.315019
0.762627 0.336712
0.752581 0.336712
0.752581 0.315019
0.762627 0.357422
0.762627 0.377093
0.752581 0.377093
0.752581 0.357422
0.752581 0.292286
0.752946 0.076870
0.742634 0.161658
0.762627 0.292286
0.752315 0.315000
0.752315 0.336693
0.742269 0.336693
0.742269 0.315000
0.752315 0.357403
0.752315 0.377074
0.742269 0.377074
0.742269 0.357403
0.742269 0.292267
0.752680 0.161658
0.752315 0.280448
0.752315 0.292267
0.834084 0.399192
0.830818 0.377745
0.834084 0.356299
0.844254 0.334853
0.856298 0.324732
0.742634 0.141988
0.752680 0.141988
0.752680 0.076851
0.844529 0.227364
0.742634 0.076851
0.752316 0.430376
0.699498 0.032578
0.695373 0.032578
0.695925 0.030515
0.697435 0.029005
0.699498 0.028453
0.815792 0.312460
0.701560 0.029005
0.703070 0.030515
0.703623 0.032578
0.665077 0.934835
0.662516 0.932274
0.661579 0.928776
0.662516 0.925278
0.665077 0.922717
0.668575 0.921780
0.672072 0.922717
0.674633 0.925278
0.675570 0.928776
0.674633 0.932274
0.672072 0.934835
0.668575 0.936854
0.664535 0.935772
0.661579 0.932815
0.660496 0.928776
0.661579 0.924737
0.664535 0.921780
0.668575 0.920698
0.672614 0.921780
0.675570 0.924737
0.676653 0.928776
0.675570 0.932815
0.672614 0.935772
0.449692 0.001134
0.002481 0.001134
0.002481 0.199286
0.449692 0.199286
0.727276 0.438631
0.785870 0.619271
0.784841 0.633464
0.727276 0.629291
0.913362 0.619031
0.913362 0.633262
0.855646 0.629077
0.787733 0.619031
0.787733 0.448411
0.913362 0.434181
0.913362 0.448411
0.855646 0.438365
0.668458 0.646381
0.668458 0.650420
0.666439 0.649879
0.664960 0.648401
0.664419 0.646381
0.664960 0.644361
0.666439 0.642883
0.668458 0.642342
0.670478 0.642883
0.671956 0.644361
0.672497 0.646381
0.671956 0.648401
0.670478 0.649879
0.664960 0.652440
0.668458 0.653377
0.662400 0.649879
0.661462 0.646381
0.662400 0.642883
0.664960 0.640322
0.668458 0.639385
0.671956 0.640322
0.674517 0.642883
0.675454 0.646381
0.674517 0.649879
0.671956 0.652440
0.664419 0.653377
0.668458 0.654459
0.661462 0.650420
0.660380 0.646381
0.661462 0.642342
0.664419 0.639385
0.668458 0.638303
0.672497 0.639385
0.675454 0.642342
0.676537 0.646381
0.675454 0.650420
0.672497 0.653377
0.668525 0.628516
0.668525 0.632555
0.666505 0.632014
0.665027 0.630536
0.664486 0.628516
0.665027 0.626497
0.666506 0.625018
0.668525 0.624477
0.670545 0.625018
0.672023 0.626497
0.672564 0.628516
0.672023 0.630536
0.670545 0.632014
0.665027 0.634575
0.668525 0.635512
0.662466 0.632014
0.661529 0.628516
0.662466 0.625018
0.665027 0.622458
0.668525 0.621520
0.672023 0.622458
0.674584 0.625018
0.675521 0.628516
0.674584 0.632014
0.672023 0.634575
0.664486 0.635512
0.668525 0.636595
0.661529 0.632555
0.660447 0.628516
0.661529 0.624477
0.664486 0.621520
0.668525 0.620438
0.672564 0.621520
0.675521 0.624477
0.676603 0.628516
0.675521 0.632555
0.672564 0.635512
0.703070 0.034640
0.701560 0.036151
0.699498 0.036703
0.697435 0.036151
0.695925 0.034640
0.693310 0.029005
0.692353 0.032578
0.695925 0.026390
0.699498 0.025433
0.703070 0.026390
0.705686 0.029005
0.706643 0.032578
0.705686 0.036151
0.703070 0.038766
0.699498 0.039723
0.695925 0.038766
0.693310 0.036151
0.692353 0.028453
0.691247 0.032578
0.695373 0.025433
0.699498 0.024327
0.703623 0.025433
0.706643 0.028453
0.707748 0.032578
0.706643 0.036703
0.703623 0.039723
0.699498 0.040828
0.695373 0.039723
0.692353 0.036703
0.716101 0.032539
0.711976 0.032539
0.712528 0.030477
0.714038 0.028966
0.716101 0.028414
0.718164 0.028966
0.719674 0.030477
0.720226 0.032539
0.719674 0.034602
0.718164 0.036112
0.716101 0.036665
0.714038 0.036112
0.712528 0.034602
0.709913 0.028966
0.708956 0.032539
0.712528 0.026351
0.716101 0.025394
0.719674 0.026351
0.722289 0.028966
0.723246 0.032539
0.722289 0.036112
0.719674 0.038727
0.716101 0.039684
0.712528 0.038727
0.709913 0.036112
0.708956 0.028414
0.707851 0.032539
0.711976 0.025394
0.716101 0.024289
0.720226 0.025394
0.723246 0.028414
0.724352 0.032539
0.723246 0.036665
0.720226 0.039684
0.716101 0.040790
0.711976 0.039684
0.708956 0.036665
0.826778 0.183403
0.816608 0.204849
0.816608 0.119064
0.826778 0.140511
0.816157 0.011259
0.826327 0.032706
0.826327 0.075598
0.816156 0.097044
0.844619 0.205222
0.834449 0.183776
0.834449 0.140884
0.844619 0.119437
0.834724 0.033395
0.844894 0.011949
0.844894 0.097734
0.834724 0.076288
</float_array>
          <technique_common>
            <accessor source="#SwitchMain-lib-UV0-array" count="700" stride="2">
              <param name="S" type="float"/>
              <param name="T" type="float"/>
            </accessor>
          </technique_common>
        </source>
        <vertices id="SwitchMain-lib-Vertex">
          <input semantic="POSITION" source="#SwitchMain-lib-Position"/>
        </vertices>
        <polygons material="SwitchMain" count="932">
          <input semantic="VERTEX" offset="0" source="#SwitchMain-lib-Vertex"/>
          <input semantic="NORMAL" offset="1" source="#SwitchMain-lib-Normal0"/>
          <input semantic="TEXCOORD" offset="2" set="0" source="#SwitchMain-lib-UV0"/>
          <p>7 0 2 6 1 3 4 2 0</p>
          <p>4 3 0 5 4 1 7 5 2</p>
          <p>5 6 1 4 7 0 0 8 4</p>
          <p>0 9 4 1 10 5 5 11 1</p>
          <p>7 12 2 5 13 1 1 14 6</p>
          <p>1 15 6 3 16 7 7 17 2</p>
          <p>6 18 3 7 19 2 3 20 8</p>
          <p>3 21 8 2 22 9 6 23 3</p>
          <p>4 24 0 6 25 3 2 26 12</p>
          <p>2 27 12 0 28 13 4 29 0</p>
          <p>13 30 14 12 31 15 8 32 10</p>
          <p>8 33 10 9 34 11 13 35 14</p>
          <p>15 36 152 13 37 14 9 38 140</p>
          <p>9 39 140 11 40 141 15 41 152</p>
          <p>14 42 423 15 43 152 11 44 153</p>
          <p>11 45 153 10 46 422 14 47 423</p>
          <p>12 48 15 14 49 423 10 50 425</p>
          <p>10 51 425 8 52 426 12 53 15</p>
          <p>26 54 439 27 55 440 24 56 435</p>
          <p>24 57 435 25 58 436 26 59 439</p>
          <p>29 60 449 30 61 451 31 62 441</p>
          <p>31 63 441 28 64 448 29 65 449</p>
          <p>25 66 436 24 67 435 17 68 452</p>
          <p>17 69 452 18 70 454 25 71 436</p>
          <p>26 72 439 25 73 532 18 74 455</p>
          <p>18 75 455 22 76 456 26 77 439</p>
          <p>27 78 440 26 79 439 22 80 456</p>
          <p>22 81 456 21 82 533 27 83 440</p>
          <p>24 84 535 27 85 440 21 86 533</p>
          <p>21 87 533 17 88 534 24 89 535</p>
          <p>29 90 538 28 91 448 16 92 536</p>
          <p>16 93 536 20 94 537 29 95 538</p>
          <p>30 96 451 29 97 449 20 98 539</p>
          <p>20 99 539 23 100 540 30 101 451</p>
          <p>31 102 441 30 103 543 23 104 541</p>
          <p>23 105 541 19 106 542 31 107 441</p>
          <p>28 108 448 31 109 441 19 110 542</p>
          <p>19 111 542 16 112 536 28 113 448</p>
          <p>32 114 544 33 115 545 34 116 546</p>
          <p>32 117 544 34 118 546 35 119 547</p>
          <p>32 120 544 35 121 547 36 122 548</p>
          <p>32 123 544 36 124 548 37 125 549</p>
          <p>32 126 544 37 127 549 38 128 550</p>
          <p>32 129 544 38 130 550 39 131 551</p>
          <p>32 132 544 39 133 551 40 134 552</p>
          <p>32 135 544 40 136 552 41 137 553</p>
          <p>32 138 544 41 139 553 42 140 554</p>
          <p>32 141 544 42 142 554 43 143 555</p>
          <p>32 144 544 43 145 555 44 146 556</p>
          <p>32 147 544 44 148 556 33 149 545</p>
          <p>33 150 545 45 151 558 46 152 557</p>
          <p>46 153 557 34 154 546 33 155 545</p>
          <p>34 156 546 46 157 557 47 158 559</p>
          <p>47 159 559 35 160 547 34 161 546</p>
          <p>35 162 547 47 163 559 48 164 560</p>
          <p>48 165 560 36 166 548 35 167 547</p>
          <p>36 168 548 48 169 560 49 170 561</p>
          <p>49 171 561 37 172 549 36 173 548</p>
          <p>37 174 549 49 175 561 50 176 562</p>
          <p>50 177 562 38 178 550 37 179 549</p>
          <p>38 180 550 50 181 562 51 182 563</p>
          <p>51 183 563 39 184 551 38 185 550</p>
          <p>39 186 551 51 187 563 52 188 564</p>
          <p>52 189 564 40 190 552 39 191 551</p>
          <p>40 192 552 52 193 564 53 194 565</p>
          <p>53 195 565 41 196 553 40 197 552</p>
          <p>41 198 553 53 199 565 54 200 566</p>
          <p>54 201 566 42 202 554 41 203 553</p>
          <p>42 204 554 54 205 566 55 206 567</p>
          <p>55 207 567 43 208 555 42 209 554</p>
          <p>43 210 555 55 211 567 56 212 568</p>
          <p>56 213 568 44 214 556 43 215 555</p>
          <p>44 216 556 56 217 568 45 218 558</p>
          <p>45 219 558 33 220 545 44 221 556</p>
          <p>45 222 558 57 223 570 58 224 569</p>
          <p>58 225 569 46 226 557 45 227 558</p>
          <p>46 228 557 58 229 569 59 230 571</p>
          <p>59 231 571 47 232 559 46 233 557</p>
          <p>47 234 559 59 235 571 60 236 572</p>
          <p>60 237 572 48 238 560 47 239 559</p>
          <p>48 240 560 60 241 572 61 242 573</p>
          <p>61 243 573 49 244 561 48 245 560</p>
          <p>49 246 561 61 247 573 62 248 574</p>
          <p>62 249 574 50 250 562 49 251 561</p>
          <p>50 252 562 62 253 574 63 254 575</p>
          <p>63 255 575 51 256 563 50 257 562</p>
          <p>51 258 563 63 259 575 64 260 576</p>
          <p>64 261 576 52 262 564 51 263 563</p>
          <p>52 264 564 64 265 576 65 266 577</p>
          <p>65 267 577 53 268 565 52 269 564</p>
          <p>53 270 565 65 271 577 66 272 578</p>
          <p>66 273 578 54 274 566 53 275 565</p>
          <p>54 276 566 66 277 578 67 278 579</p>
          <p>67 279 579 55 280 567 54 281 566</p>
          <p>55 282 567 67 283 579 68 284 580</p>
          <p>68 285 580 56 286 568 55 287 567</p>
          <p>56 288 568 68 289 580 57 290 570</p>
          <p>57 291 570 45 292 558 56 293 568</p>
          <p>69 294 581 70 295 582 71 296 583</p>
          <p>69 297 581 71 298 583 72 299 584</p>
          <p>69 300 581 72 301 584 73 302 585</p>
          <p>69 303 581 73 304 585 74 305 586</p>
          <p>69 306 581 74 307 586 75 308 587</p>
          <p>69 309 581 75 310 587 76 311 588</p>
          <p>69 312 581 76 313 588 77 314 589</p>
          <p>69 315 581 77 316 589 78 317 590</p>
          <p>69 318 581 78 319 590 79 320 591</p>
          <p>69 321 581 79 322 591 80 323 592</p>
          <p>69 324 581 80 325 592 81 326 593</p>
          <p>69 327 581 81 328 593 70 329 582</p>
          <p>70 330 582 82 331 595 83 332 594</p>
          <p>83 333 594 71 334 583 70 335 582</p>
          <p>71 336 583 83 337 594 84 338 596</p>
          <p>84 339 596 72 340 584 71 341 583</p>
          <p>72 342 584 84 343 596 85 344 597</p>
          <p>85 345 597 73 346 585 72 347 584</p>
          <p>73 348 585 85 349 597 86 350 598</p>
          <p>86 351 598 74 352 586 73 353 585</p>
          <p>74 354 586 86 355 598 87 356 599</p>
          <p>87 357 599 75 358 587 74 359 586</p>
          <p>75 360 587 87 361 599 88 362 600</p>
          <p>88 363 600 76 364 588 75 365 587</p>
          <p>76 366 588 88 367 600 89 368 601</p>
          <p>89 369 601 77 370 589 76 371 588</p>
          <p>77 372 589 89 373 601 90 374 602</p>
          <p>90 375 602 78 376 590 77 377 589</p>
          <p>78 378 590 90 379 602 91 380 603</p>
          <p>91 381 603 79 382 591 78 383 590</p>
          <p>79 384 591 91 385 603 92 386 604</p>
          <p>92 387 604 80 388 592 79 389 591</p>
          <p>80 390 592 92 391 604 93 392 605</p>
          <p>93 393 605 81 394 593 80 395 592</p>
          <p>81 396 593 93 397 605 82 398 595</p>
          <p>82 399 595 70 400 582 81 401 593</p>
          <p>82 402 595 94 403 607 95 404 606</p>
          <p>95 405 606 83 406 594 82 407 595</p>
          <p>83 408 594 95 409 606 96 410 608</p>
          <p>96 411 608 84 412 596 83 413 594</p>
          <p>84 414 596 96 415 608 97 416 609</p>
          <p>97 417 609 85 418 597 84 419 596</p>
          <p>85 420 597 97 421 609 98 422 610</p>
          <p>98 423 610 86 424 598 85 425 597</p>
          <p>86 426 598 98 427 610 99 428 611</p>
          <p>99 429 611 87 430 599 86 431 598</p>
          <p>87 432 599 99 433 611 100 434 612</p>
          <p>100 435 612 88 436 600 87 437 599</p>
          <p>88 438 600 100 439 612 101 440 613</p>
          <p>101 441 613 89 442 601 88 443 600</p>
          <p>89 444 601 101 445 613 102 446 614</p>
          <p>102 447 614 90 448 602 89 449 601</p>
          <p>90 450 602 102 451 614 103 452 615</p>
          <p>103 453 615 91 454 603 90 455 602</p>
          <p>91 456 603 103 457 615 104 458 616</p>
          <p>104 459 616 92 460 604 91 461 603</p>
          <p>92 462 604 104 463 616 105 464 617</p>
          <p>105 465 617 93 466 605 92 467 604</p>
          <p>93 468 605 105 469 617 94 470 607</p>
          <p>94 471 607 82 472 595 93 473 605</p>
          <p>111 474 132 110 475 133 106 476 130</p>
          <p>106 477 130 107 478 131 111 479 132</p>
          <p>113 480 421 111 481 132 107 482 134</p>
          <p>107 483 134 109 484 135 113 485 421</p>
          <p>112 486 424 113 487 421 109 488 136</p>
          <p>109 489 136 108 490 137 112 491 424</p>
          <p>110 492 133 112 493 424 108 494 138</p>
          <p>108 495 138 106 496 139 110 497 133</p>
          <p>124 498 437 125 499 151 122 500 433</p>
          <p>122 501 433 123 502 432 124 503 437</p>
          <p>127 504 450 128 505 447 129 506 156</p>
          <p>129 507 156 126 508 434 127 509 450</p>
          <p>123 510 432 122 511 433 115 512 430</p>
          <p>115 513 430 116 514 431 123 515 432</p>
          <p>124 516 437 123 517 438 116 518 144</p>
          <p>116 519 144 120 520 148 124 521 437</p>
          <p>125 522 151 124 523 437 120 524 148</p>
          <p>120 525 148 119 526 143 125 527 151</p>
          <p>122 528 150 125 529 151 119 530 143</p>
          <p>119 531 143 115 532 147 122 533 150</p>
          <p>127 534 453 126 535 434 114 536 142</p>
          <p>114 537 142 118 538 154 127 539 453</p>
          <p>128 540 447 127 541 450 118 542 146</p>
          <p>118 543 146 121 544 155 128 545 447</p>
          <p>129 546 156 128 547 157 121 548 145</p>
          <p>121 549 145 117 550 149 129 551 156</p>
          <p>126 552 434 129 553 156 117 554 149</p>
          <p>117 555 149 114 556 142 126 557 434</p>
          <p>130 558 324 131 559 325 132 560 326</p>
          <p>130 561 324 132 562 326 133 563 327</p>
          <p>130 564 324 133 565 327 134 566 328</p>
          <p>130 567 324 134 568 328 135 569 329</p>
          <p>130 570 324 135 571 329 136 572 330</p>
          <p>130 573 324 136 574 330 137 575 331</p>
          <p>130 576 324 137 577 331 138 578 332</p>
          <p>130 579 324 138 580 332 139 581 333</p>
          <p>130 582 324 139 583 333 140 584 334</p>
          <p>130 585 324 140 586 334 141 587 335</p>
          <p>130 588 324 141 589 335 142 590 336</p>
          <p>130 591 324 142 592 336 131 593 325</p>
          <p>131 594 325 143 595 337 144 596 505</p>
          <p>144 597 505 132 598 326 131 599 325</p>
          <p>132 600 326 144 601 505 145 602 506</p>
          <p>145 603 506 133 604 327 132 605 326</p>
          <p>133 606 327 145 607 506 146 608 507</p>
          <p>146 609 507 134 610 328 133 611 327</p>
          <p>134 612 328 146 613 507 147 614 508</p>
          <p>147 615 508 135 616 329 134 617 328</p>
          <p>135 618 329 147 619 508 148 620 509</p>
          <p>148 621 509 136 622 330 135 623 329</p>
          <p>136 624 330 148 625 509 149 626 510</p>
          <p>149 627 510 137 628 331 136 629 330</p>
          <p>137 630 331 149 631 510 150 632 511</p>
          <p>150 633 511 138 634 332 137 635 331</p>
          <p>138 636 332 150 637 511 151 638 512</p>
          <p>151 639 512 139 640 333 138 641 332</p>
          <p>139 642 333 151 643 512 152 644 513</p>
          <p>152 645 513 140 646 334 139 647 333</p>
          <p>140 648 334 152 649 513 153 650 514</p>
          <p>153 651 514 141 652 335 140 653 334</p>
          <p>141 654 335 153 655 514 154 656 515</p>
          <p>154 657 515 142 658 336 141 659 335</p>
          <p>142 660 336 154 661 515 143 662 337</p>
          <p>143 663 337 131 664 325 142 665 336</p>
          <p>143 666 337 155 667 516 156 668 517</p>
          <p>156 669 517 144 670 505 143 671 337</p>
          <p>144 672 505 156 673 517 157 674 518</p>
          <p>157 675 518 145 676 506 144 677 505</p>
          <p>145 678 506 157 679 518 158 680 519</p>
          <p>158 681 519 146 682 507 145 683 506</p>
          <p>146 684 507 158 685 519 159 686 520</p>
          <p>159 687 520 147 688 508 146 689 507</p>
          <p>147 690 508 159 691 520 160 692 521</p>
          <p>160 693 521 148 694 509 147 695 508</p>
          <p>148 696 509 160 697 521 161 698 522</p>
          <p>161 699 522 149 700 510 148 701 509</p>
          <p>149 702 510 161 703 522 162 704 523</p>
          <p>162 705 523 150 706 511 149 707 510</p>
          <p>150 708 511 162 709 523 163 710 524</p>
          <p>163 711 524 151 712 512 150 713 511</p>
          <p>151 714 512 163 715 524 164 716 525</p>
          <p>164 717 525 152 718 513 151 719 512</p>
          <p>152 720 513 164 721 525 165 722 526</p>
          <p>165 723 526 153 724 514 152 725 513</p>
          <p>153 726 514 165 727 526 166 728 527</p>
          <p>166 729 527 154 730 515 153 731 514</p>
          <p>154 732 515 166 733 527 155 734 516</p>
          <p>155 735 516 143 736 337 154 737 515</p>
          <p>167 738 40 168 739 41 169 740 42</p>
          <p>167 741 40 169 742 42 170 743 43</p>
          <p>167 744 40 170 745 43 171 746 44</p>
          <p>167 747 40 171 748 44 172 749 45</p>
          <p>167 750 40 172 751 45 173 752 46</p>
          <p>167 753 40 173 754 46 174 755 47</p>
          <p>167 756 40 174 757 47 175 758 48</p>
          <p>167 759 40 175 760 48 176 761 49</p>
          <p>167 762 40 176 763 49 177 764 50</p>
          <p>167 765 40 177 766 50 178 767 51</p>
          <p>167 768 40 178 769 51 179 770 52</p>
          <p>167 771 40 179 772 52 168 773 41</p>
          <p>168 774 41 180 775 53 181 776 54</p>
          <p>181 777 54 169 778 42 168 779 41</p>
          <p>169 780 42 181 781 54 182 782 55</p>
          <p>182 783 55 170 784 43 169 785 42</p>
          <p>170 786 43 182 787 55 183 788 56</p>
          <p>183 789 56 171 790 44 170 791 43</p>
          <p>171 792 44 183 793 56 184 794 57</p>
          <p>184 795 57 172 796 45 171 797 44</p>
          <p>172 798 45 184 799 57 185 800 58</p>
          <p>185 801 58 173 802 46 172 803 45</p>
          <p>173 804 46 185 805 58 186 806 59</p>
          <p>186 807 59 174 808 47 173 809 46</p>
          <p>174 810 47 186 811 59 187 812 60</p>
          <p>187 813 60 175 814 48 174 815 47</p>
          <p>175 816 48 187 817 60 188 818 61</p>
          <p>188 819 61 176 820 49 175 821 48</p>
          <p>176 822 49 188 823 61 189 824 62</p>
          <p>189 825 62 177 826 50 176 827 49</p>
          <p>177 828 50 189 829 62 190 830 63</p>
          <p>190 831 63 178 832 51 177 833 50</p>
          <p>178 834 51 190 835 63 191 836 64</p>
          <p>191 837 64 179 838 52 178 839 51</p>
          <p>179 840 52 191 841 64 180 842 53</p>
          <p>180 843 53 168 844 41 179 845 52</p>
          <p>180 846 53 192 847 65 193 848 66</p>
          <p>193 849 66 181 850 54 180 851 53</p>
          <p>181 852 54 193 853 66 194 854 67</p>
          <p>194 855 67 182 856 55 181 857 54</p>
          <p>182 858 55 194 859 67 195 860 68</p>
          <p>195 861 68 183 862 56 182 863 55</p>
          <p>183 864 56 195 865 68 196 866 69</p>
          <p>196 867 69 184 868 57 183 869 56</p>
          <p>184 870 57 196 871 69 197 872 70</p>
          <p>197 873 70 185 874 58 184 875 57</p>
          <p>185 876 58 197 877 70 198 878 71</p>
          <p>198 879 71 186 880 59 185 881 58</p>
          <p>186 882 59 198 883 71 199 884 72</p>
          <p>199 885 72 187 886 60 186 887 59</p>
          <p>187 888 60 199 889 72 200 890 73</p>
          <p>200 891 73 188 892 61 187 893 60</p>
          <p>188 894 61 200 895 73 201 896 74</p>
          <p>201 897 74 189 898 62 188 899 61</p>
          <p>189 900 62 201 901 74 202 902 75</p>
          <p>202 903 75 190 904 63 189 905 62</p>
          <p>190 906 63 202 907 75 203 908 76</p>
          <p>203 909 76 191 910 64 190 911 63</p>
          <p>191 912 64 203 913 76 192 914 65</p>
          <p>192 915 65 180 916 53 191 917 64</p>
          <p>209 918 224 208 919 225 204 920 222</p>
          <p>204 921 222 205 922 223 209 923 224</p>
          <p>211 924 228 209 925 224 205 926 226</p>
          <p>205 927 226 207 928 227 211 929 228</p>
          <p>210 930 232 211 931 228 207 932 230</p>
          <p>207 933 230 206 934 231 210 935 232</p>
          <p>208 936 225 210 937 232 206 938 234</p>
          <p>206 939 234 204 940 235 208 941 225</p>
          <p>310 942 464 303 943 461 304 944 462</p>
          <p>304 945 462 309 946 463 310 947 464</p>
          <p>315 948 476 318 949 473 319 950 474</p>
          <p>319 951 474 314 952 475 315 953 476</p>
          <p>214 954 339 221 955 340 304 956 486</p>
          <p>214 957 339 304 958 486 220 959 489</p>
          <p>213 960 338 214 961 339 220 962 489</p>
          <p>222 963 16 221 964 17 214 965 240</p>
          <p>214 966 240 218 967 244 222 968 16</p>
          <p>217 969 20 223 970 24 309 971 346</p>
          <p>217 972 20 309 973 346 222 974 25</p>
          <p>218 975 22 217 976 20 222 977 25</p>
          <p>220 978 246 223 979 249 217 980 239</p>
          <p>217 981 239 213 982 243 220 983 246</p>
          <p>225 984 18 224 985 19 212 986 495</p>
          <p>212 987 495 216 988 242 225 989 18</p>
          <p>219 990 23 226 991 26 314 992 351</p>
          <p>219 993 23 314 994 351 225 995 27</p>
          <p>216 996 21 219 997 23 225 998 27</p>
          <p>227 999 483 226 1000 348 219 1001 245</p>
          <p>219 1002 245 215 1003 252 227 1004 483</p>
          <p>212 1005 241 224 1006 250 319 1007 354</p>
          <p>212 1008 241 319 1009 354 227 1010 357</p>
          <p>215 1011 238 212 1012 241 227 1013 357</p>
          <p>228 1014 91 229 1015 92 230 1016 93</p>
          <p>228 1017 91 230 1018 93 231 1019 94</p>
          <p>228 1020 91 231 1021 94 232 1022 95</p>
          <p>228 1023 91 232 1024 95 233 1025 96</p>
          <p>228 1026 91 233 1027 96 234 1028 97</p>
          <p>228 1029 91 234 1030 97 235 1031 98</p>
          <p>228 1032 91 235 1033 98 236 1034 99</p>
          <p>228 1035 91 236 1036 99 237 1037 100</p>
          <p>228 1038 91 237 1039 100 238 1040 101</p>
          <p>228 1041 91 238 1042 101 239 1043 102</p>
          <p>228 1044 91 239 1045 102 240 1046 103</p>
          <p>228 1047 91 240 1048 103 229 1049 92</p>
          <p>229 1050 92 241 1051 104 242 1052 105</p>
          <p>242 1053 105 230 1054 93 229 1055 92</p>
          <p>230 1056 93 242 1057 105 243 1058 106</p>
          <p>243 1059 106 231 1060 94 230 1061 93</p>
          <p>231 1062 94 243 1063 106 244 1064 107</p>
          <p>244 1065 107 232 1066 95 231 1067 94</p>
          <p>232 1068 95 244 1069 107 245 1070 108</p>
          <p>245 1071 108 233 1072 96 232 1073 95</p>
          <p>233 1074 96 245 1075 108 246 1076 109</p>
          <p>246 1077 109 234 1078 97 233 1079 96</p>
          <p>234 1080 97 246 1081 109 247 1082 110</p>
          <p>247 1083 110 235 1084 98 234 1085 97</p>
          <p>235 1086 98 247 1087 110 248 1088 111</p>
          <p>248 1089 111 236 1090 99 235 1091 98</p>
          <p>236 1092 99 248 1093 111 249 1094 112</p>
          <p>249 1095 112 237 1096 100 236 1097 99</p>
          <p>237 1098 100 249 1099 112 250 1100 113</p>
          <p>250 1101 113 238 1102 101 237 1103 100</p>
          <p>238 1104 101 250 1105 113 251 1106 114</p>
          <p>251 1107 114 239 1108 102 238 1109 101</p>
          <p>239 1110 102 251 1111 114 252 1112 115</p>
          <p>252 1113 115 240 1114 103 239 1115 102</p>
          <p>240 1116 103 252 1117 115 241 1118 104</p>
          <p>241 1119 104 229 1120 92 240 1121 103</p>
          <p>241 1122 104 253 1123 116 254 1124 117</p>
          <p>254 1125 117 242 1126 105 241 1127 104</p>
          <p>242 1128 105 254 1129 117 255 1130 118</p>
          <p>255 1131 118 243 1132 106 242 1133 105</p>
          <p>243 1134 106 255 1135 118 256 1136 119</p>
          <p>256 1137 119 244 1138 107 243 1139 106</p>
          <p>244 1140 107 256 1141 119 257 1142 120</p>
          <p>257 1143 120 245 1144 108 244 1145 107</p>
          <p>245 1146 108 257 1147 120 258 1148 121</p>
          <p>258 1149 121 246 1150 109 245 1151 108</p>
          <p>246 1152 109 258 1153 121 259 1154 122</p>
          <p>259 1155 122 247 1156 110 246 1157 109</p>
          <p>247 1158 110 259 1159 122 260 1160 123</p>
          <p>260 1161 123 248 1162 111 247 1163 110</p>
          <p>248 1164 111 260 1165 123 261 1166 124</p>
          <p>261 1167 124 249 1168 112 248 1169 111</p>
          <p>249 1170 112 261 1171 124 262 1172 125</p>
          <p>262 1173 125 250 1174 113 249 1175 112</p>
          <p>250 1176 113 262 1177 125 263 1178 126</p>
          <p>263 1179 126 251 1180 114 250 1181 113</p>
          <p>251 1182 114 263 1183 126 264 1184 127</p>
          <p>264 1185 127 252 1186 115 251 1187 114</p>
          <p>252 1188 115 264 1189 127 253 1190 116</p>
          <p>253 1191 116 241 1192 104 252 1193 115</p>
          <p>265 1194 287 266 1195 288 267 1196 289</p>
          <p>265 1197 287 267 1198 289 268 1199 290</p>
          <p>265 1200 287 268 1201 290 269 1202 291</p>
          <p>265 1203 287 269 1204 291 270 1205 292</p>
          <p>265 1206 287 270 1207 292 271 1208 293</p>
          <p>265 1209 287 271 1210 293 272 1211 294</p>
          <p>265 1212 287 272 1213 294 273 1214 295</p>
          <p>265 1215 287 273 1216 295 274 1217 296</p>
          <p>265 1218 287 274 1219 296 275 1220 297</p>
          <p>265 1221 287 275 1222 297 276 1223 298</p>
          <p>265 1224 287 276 1225 298 277 1226 299</p>
          <p>265 1227 287 277 1228 299 266 1229 288</p>
          <p>266 1230 288 278 1231 300 279 1232 301</p>
          <p>279 1233 301 267 1234 289 266 1235 288</p>
          <p>267 1236 289 279 1237 301 280 1238 302</p>
          <p>280 1239 302 268 1240 290 267 1241 289</p>
          <p>268 1242 290 280 1243 302 281 1244 303</p>
          <p>281 1245 303 269 1246 291 268 1247 290</p>
          <p>269 1248 291 281 1249 303 282 1250 304</p>
          <p>282 1251 304 270 1252 292 269 1253 291</p>
          <p>270 1254 292 282 1255 304 283 1256 305</p>
          <p>283 1257 305 271 1258 293 270 1259 292</p>
          <p>271 1260 293 283 1261 305 284 1262 306</p>
          <p>284 1263 306 272 1264 294 271 1265 293</p>
          <p>272 1266 294 284 1267 306 285 1268 307</p>
          <p>285 1269 307 273 1270 295 272 1271 294</p>
          <p>273 1272 295 285 1273 307 286 1274 308</p>
          <p>286 1275 308 274 1276 296 273 1277 295</p>
          <p>274 1278 296 286 1279 308 287 1280 309</p>
          <p>287 1281 309 275 1282 297 274 1283 296</p>
          <p>275 1284 297 287 1285 309 288 1286 310</p>
          <p>288 1287 310 276 1288 298 275 1289 297</p>
          <p>276 1290 298 288 1291 310 289 1292 311</p>
          <p>289 1293 311 277 1294 299 276 1295 298</p>
          <p>277 1296 299 289 1297 311 278 1298 300</p>
          <p>278 1299 300 266 1300 288 277 1301 299</p>
          <p>278 1302 300 290 1303 312 291 1304 313</p>
          <p>291 1305 313 279 1306 301 278 1307 300</p>
          <p>279 1308 301 291 1309 313 292 1310 314</p>
          <p>292 1311 314 280 1312 302 279 1313 301</p>
          <p>280 1314 302 292 1315 314 293 1316 315</p>
          <p>293 1317 315 281 1318 303 280 1319 302</p>
          <p>281 1320 303 293 1321 315 294 1322 316</p>
          <p>294 1323 316 282 1324 304 281 1325 303</p>
          <p>282 1326 304 294 1327 316 295 1328 317</p>
          <p>295 1329 317 283 1330 305 282 1331 304</p>
          <p>283 1332 305 295 1333 317 296 1334 318</p>
          <p>296 1335 318 284 1336 306 283 1337 305</p>
          <p>284 1338 306 296 1339 318 297 1340 319</p>
          <p>297 1341 319 285 1342 307 284 1343 306</p>
          <p>285 1344 307 297 1345 319 298 1346 320</p>
          <p>298 1347 320 286 1348 308 285 1349 307</p>
          <p>286 1350 308 298 1351 320 299 1352 321</p>
          <p>299 1353 321 287 1354 309 286 1355 308</p>
          <p>287 1356 309 299 1357 321 300 1358 322</p>
          <p>300 1359 322 288 1360 310 287 1361 309</p>
          <p>288 1362 310 300 1363 322 301 1364 323</p>
          <p>301 1365 323 289 1366 311 288 1367 310</p>
          <p>289 1368 311 301 1369 323 290 1370 312</p>
          <p>290 1371 312 278 1372 300 289 1373 311</p>
          <p>307 1374 467 306 1375 466 221 1376 17</p>
          <p>221 1377 17 222 1378 16 307 1379 467</p>
          <p>308 1380 468 305 1381 465 306 1382 466</p>
          <p>306 1383 466 307 1384 467 308 1385 468</p>
          <p>309 1386 463 304 1387 462 305 1388 465</p>
          <p>305 1389 465 308 1390 468 309 1391 463</p>
          <p>302 1392 472 311 1393 469 223 1394 249</p>
          <p>223 1395 249 220 1396 246 302 1397 472</p>
          <p>303 1398 461 310 1399 464 311 1400 469</p>
          <p>311 1401 469 302 1402 472 303 1403 461</p>
          <p>312 1404 479 321 1405 478 224 1406 19</p>
          <p>224 1407 19 225 1408 18 312 1409 479</p>
          <p>313 1410 480 320 1411 477 321 1412 478</p>
          <p>321 1413 478 312 1414 479 313 1415 480</p>
          <p>314 1416 475 319 1417 474 320 1418 477</p>
          <p>320 1419 477 313 1420 480 314 1421 475</p>
          <p>317 1422 484 316 1423 481 226 1424 348</p>
          <p>226 1425 348 227 1426 483 317 1427 484</p>
          <p>318 1428 473 315 1429 476 316 1430 481</p>
          <p>316 1431 481 317 1432 484 318 1433 473</p>
          <p>327 1434 30 326 1435 31 322 1436 28</p>
          <p>322 1437 28 323 1438 29 327 1439 30</p>
          <p>329 1440 34 327 1441 30 323 1442 32</p>
          <p>323 1443 32 325 1444 33 329 1445 34</p>
          <p>328 1446 37 329 1447 34 325 1448 35</p>
          <p>325 1449 35 324 1450 36 328 1451 37</p>
          <p>326 1452 31 328 1453 37 324 1454 38</p>
          <p>324 1455 38 322 1456 39 326 1457 31</p>
          <p>428 1458 79 421 1459 80 422 1460 77</p>
          <p>422 1461 77 427 1462 78 428 1463 79</p>
          <p>433 1464 83 436 1465 84 437 1466 81</p>
          <p>437 1467 81 432 1468 82 433 1469 83</p>
          <p>332 1470 86 339 1471 87 422 1472 88</p>
          <p>332 1473 86 422 1474 88 338 1475 89</p>
          <p>331 1476 85 332 1477 86 338 1478 89</p>
          <p>340 1479 129 339 1480 158 332 1481 90</p>
          <p>332 1482 90 336 1483 128 340 1484 129</p>
          <p>335 1485 160 341 1486 161 427 1487 162</p>
          <p>335 1488 160 427 1489 162 340 1490 163</p>
          <p>336 1491 159 335 1492 160 340 1493 163</p>
          <p>338 1494 166 341 1495 167 335 1496 164</p>
          <p>335 1497 164 331 1498 165 338 1499 166</p>
          <p>343 1500 170 342 1501 171 330 1502 168</p>
          <p>330 1503 168 334 1504 169 343 1505 170</p>
          <p>337 1506 173 344 1507 174 432 1508 175</p>
          <p>337 1509 173 432 1510 175 343 1511 176</p>
          <p>334 1512 172 337 1513 173 343 1514 176</p>
          <p>345 1515 179 344 1516 180 337 1517 177</p>
          <p>337 1518 177 333 1519 178 345 1520 179</p>
          <p>330 1521 182 342 1522 183 437 1523 184</p>
          <p>330 1524 182 437 1525 184 345 1526 185</p>
          <p>333 1527 181 330 1528 182 345 1529 185</p>
          <p>346 1530 186 347 1531 187 348 1532 188</p>
          <p>346 1533 186 348 1534 188 349 1535 189</p>
          <p>346 1536 186 349 1537 189 350 1538 190</p>
          <p>346 1539 186 350 1540 190 351 1541 191</p>
          <p>346 1542 186 351 1543 191 352 1544 192</p>
          <p>346 1545 186 352 1546 192 353 1547 193</p>
          <p>346 1548 186 353 1549 193 354 1550 194</p>
          <p>346 1551 186 354 1552 194 355 1553 195</p>
          <p>346 1554 186 355 1555 195 356 1556 196</p>
          <p>346 1557 186 356 1558 196 357 1559 197</p>
          <p>346 1560 186 357 1561 197 358 1562 198</p>
          <p>346 1563 186 358 1564 198 347 1565 187</p>
          <p>347 1566 187 359 1567 200 360 1568 199</p>
          <p>360 1569 199 348 1570 188 347 1571 187</p>
          <p>348 1572 188 360 1573 199 361 1574 201</p>
          <p>361 1575 201 349 1576 189 348 1577 188</p>
          <p>349 1578 189 361 1579 201 362 1580 202</p>
          <p>362 1581 202 350 1582 190 349 1583 189</p>
          <p>350 1584 190 362 1585 202 363 1586 203</p>
          <p>363 1587 203 351 1588 191 350 1589 190</p>
          <p>351 1590 191 363 1591 203 364 1592 204</p>
          <p>364 1593 204 352 1594 192 351 1595 191</p>
          <p>352 1596 192 364 1597 204 365 1598 205</p>
          <p>365 1599 205 353 1600 193 352 1601 192</p>
          <p>353 1602 193 365 1603 205 366 1604 206</p>
          <p>366 1605 206 354 1606 194 353 1607 193</p>
          <p>354 1608 194 366 1609 206 367 1610 207</p>
          <p>367 1611 207 355 1612 195 354 1613 194</p>
          <p>355 1614 195 367 1615 207 368 1616 208</p>
          <p>368 1617 208 356 1618 196 355 1619 195</p>
          <p>356 1620 196 368 1621 208 369 1622 209</p>
          <p>369 1623 209 357 1624 197 356 1625 196</p>
          <p>357 1626 197 369 1627 209 370 1628 210</p>
          <p>370 1629 210 358 1630 198 357 1631 197</p>
          <p>358 1632 198 370 1633 210 359 1634 200</p>
          <p>359 1635 200 347 1636 187 358 1637 198</p>
          <p>359 1638 200 371 1639 212 372 1640 211</p>
          <p>372 1641 211 360 1642 199 359 1643 200</p>
          <p>360 1644 199 372 1645 211 373 1646 213</p>
          <p>373 1647 213 361 1648 201 360 1649 199</p>
          <p>361 1650 201 373 1651 213 374 1652 214</p>
          <p>374 1653 214 362 1654 202 361 1655 201</p>
          <p>362 1656 202 374 1657 214 375 1658 215</p>
          <p>375 1659 215 363 1660 203 362 1661 202</p>
          <p>363 1662 203 375 1663 215 376 1664 216</p>
          <p>376 1665 216 364 1666 204 363 1667 203</p>
          <p>364 1668 204 376 1669 216 377 1670 217</p>
          <p>377 1671 217 365 1672 205 364 1673 204</p>
          <p>365 1674 205 377 1675 217 378 1676 218</p>
          <p>378 1677 218 366 1678 206 365 1679 205</p>
          <p>366 1680 206 378 1681 218 379 1682 219</p>
          <p>379 1683 219 367 1684 207 366 1685 206</p>
          <p>367 1686 207 379 1687 219 380 1688 220</p>
          <p>380 1689 220 368 1690 208 367 1691 207</p>
          <p>368 1692 208 380 1693 220 381 1694 221</p>
          <p>381 1695 221 369 1696 209 368 1697 208</p>
          <p>369 1698 209 381 1699 221 382 1700 229</p>
          <p>382 1701 229 370 1702 210 369 1703 209</p>
          <p>370 1704 210 382 1705 229 371 1706 212</p>
          <p>371 1707 212 359 1708 200 370 1709 210</p>
          <p>383 1710 233 384 1711 236 385 1712 237</p>
          <p>383 1713 233 385 1714 237 386 1715 247</p>
          <p>383 1716 233 386 1717 247 387 1718 248</p>
          <p>383 1719 233 387 1720 248 388 1721 251</p>
          <p>383 1722 233 388 1723 251 389 1724 342</p>
          <p>383 1725 233 389 1726 342 390 1727 343</p>
          <p>383 1728 233 390 1729 343 391 1730 358</p>
          <p>383 1731 233 391 1732 358 392 1733 359</p>
          <p>383 1734 233 392 1735 359 393 1736 360</p>
          <p>383 1737 233 393 1738 360 394 1739 361</p>
          <p>383 1740 233 394 1741 361 395 1742 403</p>
          <p>383 1743 233 395 1744 403 384 1745 236</p>
          <p>384 1746 236 396 1747 405 397 1748 404</p>
          <p>397 1749 404 385 1750 237 384 1751 236</p>
          <p>385 1752 237 397 1753 404 398 1754 406</p>
          <p>398 1755 406 386 1756 247 385 1757 237</p>
          <p>386 1758 247 398 1759 406 399 1760 407</p>
          <p>399 1761 407 387 1762 248 386 1763 247</p>
          <p>387 1764 248 399 1765 407 400 1766 408</p>
          <p>400 1767 408 388 1768 251 387 1769 248</p>
          <p>388 1770 251 400 1771 408 401 1772 409</p>
          <p>401 1773 409 389 1774 342 388 1775 251</p>
          <p>389 1776 342 401 1777 409 402 1778 410</p>
          <p>402 1779 410 390 1780 343 389 1781 342</p>
          <p>390 1782 343 402 1783 410 403 1784 411</p>
          <p>403 1785 411 391 1786 358 390 1787 343</p>
          <p>391 1788 358 403 1789 411 404 1790 412</p>
          <p>404 1791 412 392 1792 359 391 1793 358</p>
          <p>392 1794 359 404 1795 412 405 1796 413</p>
          <p>405 1797 413 393 1798 360 392 1799 359</p>
          <p>393 1800 360 405 1801 413 406 1802 414</p>
          <p>406 1803 414 394 1804 361 393 1805 360</p>
          <p>394 1806 361 406 1807 414 407 1808 415</p>
          <p>407 1809 415 395 1810 403 394 1811 361</p>
          <p>395 1812 403 407 1813 415 396 1814 405</p>
          <p>396 1815 405 384 1816 236 395 1817 403</p>
          <p>396 1818 405 408 1819 417 409 1820 416</p>
          <p>409 1821 416 397 1822 404 396 1823 405</p>
          <p>397 1824 404 409 1825 416 410 1826 418</p>
          <p>410 1827 418 398 1828 406 397 1829 404</p>
          <p>398 1830 406 410 1831 418 411 1832 419</p>
          <p>411 1833 419 399 1834 407 398 1835 406</p>
          <p>399 1836 407 411 1837 419 412 1838 420</p>
          <p>412 1839 420 400 1840 408 399 1841 407</p>
          <p>400 1842 408 412 1843 420 413 1844 427</p>
          <p>413 1845 427 401 1846 409 400 1847 408</p>
          <p>401 1848 409 413 1849 427 414 1850 428</p>
          <p>414 1851 428 402 1852 410 401 1853 409</p>
          <p>402 1854 410 414 1855 428 415 1856 429</p>
          <p>415 1857 429 403 1858 411 402 1859 410</p>
          <p>403 1860 411 415 1861 429 416 1862 442</p>
          <p>416 1863 442 404 1864 412 403 1865 411</p>
          <p>404 1866 412 416 1867 442 417 1868 443</p>
          <p>417 1869 443 405 1870 413 404 1871 412</p>
          <p>405 1872 413 417 1873 443 418 1874 444</p>
          <p>418 1875 444 406 1876 414 405 1877 413</p>
          <p>406 1878 414 418 1879 444 419 1880 445</p>
          <p>419 1881 445 407 1882 415 406 1883 414</p>
          <p>407 1884 415 419 1885 445 408 1886 417</p>
          <p>408 1887 417 396 1888 405 407 1889 415</p>
          <p>425 1890 446 424 1891 457 339 1892 158</p>
          <p>339 1893 158 340 1894 129 425 1895 446</p>
          <p>426 1896 458 423 1897 459 424 1898 457</p>
          <p>424 1899 457 425 1900 446 426 1901 458</p>
          <p>427 1902 78 422 1903 77 423 1904 459</p>
          <p>423 1905 459 426 1906 458 427 1907 78</p>
          <p>420 1908 460 429 1909 470 341 1910 167</p>
          <p>341 1911 167 338 1912 166 420 1913 460</p>
          <p>421 1914 80 428 1915 79 429 1916 470</p>
          <p>429 1917 470 420 1918 460 421 1919 80</p>
          <p>430 1920 471 439 1921 482 342 1922 171</p>
          <p>342 1923 171 343 1924 170 430 1925 471</p>
          <p>431 1926 490 438 1927 491 439 1928 482</p>
          <p>439 1929 482 430 1930 471 431 1931 490</p>
          <p>432 1932 82 437 1933 81 438 1934 491</p>
          <p>438 1935 491 431 1936 490 432 1937 82</p>
          <p>435 1938 492 434 1939 494 344 1940 180</p>
          <p>344 1941 180 345 1942 179 435 1943 492</p>
          <p>436 1944 84 433 1945 83 434 1946 494</p>
          <p>434 1947 494 435 1948 492 436 1949 84</p>
          <p>440 1950 254 441 1951 255 442 1952 256</p>
          <p>440 1953 254 442 1954 256 443 1955 257</p>
          <p>440 1956 254 443 1957 257 444 1958 258</p>
          <p>440 1959 254 444 1960 258 445 1961 259</p>
          <p>440 1962 254 445 1963 259 446 1964 260</p>
          <p>440 1965 254 446 1966 260 447 1967 261</p>
          <p>440 1968 254 447 1969 261 448 1970 262</p>
          <p>440 1971 254 448 1972 262 449 1973 263</p>
          <p>440 1974 254 449 1975 263 450 1976 264</p>
          <p>440 1977 254 450 1978 264 451 1979 265</p>
          <p>440 1980 254 451 1981 265 452 1982 266</p>
          <p>440 1983 254 452 1984 266 441 1985 255</p>
          <p>441 1986 255 453 1987 267 454 1988 268</p>
          <p>454 1989 268 442 1990 256 441 1991 255</p>
          <p>442 1992 256 454 1993 268 455 1994 269</p>
          <p>455 1995 269 443 1996 257 442 1997 256</p>
          <p>443 1998 257 455 1999 269 456 2000 270</p>
          <p>456 2001 270 444 2002 258 443 2003 257</p>
          <p>444 2004 258 456 2005 270 457 2006 271</p>
          <p>457 2007 271 445 2008 259 444 2009 258</p>
          <p>445 2010 259 457 2011 271 458 2012 272</p>
          <p>458 2013 272 446 2014 260 445 2015 259</p>
          <p>446 2016 260 458 2017 272 459 2018 273</p>
          <p>459 2019 273 447 2020 261 446 2021 260</p>
          <p>447 2022 261 459 2023 273 460 2024 274</p>
          <p>460 2025 274 448 2026 262 447 2027 261</p>
          <p>448 2028 262 460 2029 274 461 2030 275</p>
          <p>461 2031 275 449 2032 263 448 2033 262</p>
          <p>449 2034 263 461 2035 275 462 2036 276</p>
          <p>462 2037 276 450 2038 264 449 2039 263</p>
          <p>450 2040 264 462 2041 276 463 2042 277</p>
          <p>463 2043 277 451 2044 265 450 2045 264</p>
          <p>451 2046 265 463 2047 277 464 2048 278</p>
          <p>464 2049 278 452 2050 266 451 2051 265</p>
          <p>452 2052 266 464 2053 278 453 2054 267</p>
          <p>453 2055 267 441 2056 255 452 2057 266</p>
          <p>453 2058 267 465 2059 279 466 2060 280</p>
          <p>466 2061 280 454 2062 268 453 2063 267</p>
          <p>454 2064 268 466 2065 280 467 2066 281</p>
          <p>467 2067 281 455 2068 269 454 2069 268</p>
          <p>455 2070 269 467 2071 281 468 2072 282</p>
          <p>468 2073 282 456 2074 270 455 2075 269</p>
          <p>456 2076 270 468 2077 282 469 2078 283</p>
          <p>469 2079 283 457 2080 271 456 2081 270</p>
          <p>457 2082 271 469 2083 283 470 2084 284</p>
          <p>470 2085 284 458 2086 272 457 2087 271</p>
          <p>458 2088 272 470 2089 284 471 2090 285</p>
          <p>471 2091 285 459 2092 273 458 2093 272</p>
          <p>459 2094 273 471 2095 285 472 2096 286</p>
          <p>472 2097 286 460 2098 274 459 2099 273</p>
          <p>460 2100 274 472 2101 286 473 2102 362</p>
          <p>473 2103 362 461 2104 275 460 2105 274</p>
          <p>461 2106 275 473 2107 362 474 2108 363</p>
          <p>474 2109 363 462 2110 276 461 2111 275</p>
          <p>462 2112 276 474 2113 363 475 2114 364</p>
          <p>475 2115 364 463 2116 277 462 2117 276</p>
          <p>463 2118 277 475 2119 364 476 2120 365</p>
          <p>476 2121 365 464 2122 278 463 2123 277</p>
          <p>464 2124 278 476 2125 365 465 2126 279</p>
          <p>465 2127 279 453 2128 267 464 2129 278</p>
          <p>477 2130 366 478 2131 367 479 2132 368</p>
          <p>477 2133 366 479 2134 368 480 2135 369</p>
          <p>477 2136 366 480 2137 369 481 2138 370</p>
          <p>477 2139 366 481 2140 370 482 2141 371</p>
          <p>477 2142 366 482 2143 371 483 2144 372</p>
          <p>477 2145 366 483 2146 372 484 2147 373</p>
          <p>477 2148 366 484 2149 373 485 2150 374</p>
          <p>477 2151 366 485 2152 374 486 2153 375</p>
          <p>477 2154 366 486 2155 375 487 2156 376</p>
          <p>477 2157 366 487 2158 376 488 2159 377</p>
          <p>477 2160 366 488 2161 377 489 2162 378</p>
          <p>477 2163 366 489 2164 378 478 2165 367</p>
          <p>478 2166 367 490 2167 379 491 2168 380</p>
          <p>491 2169 380 479 2170 368 478 2171 367</p>
          <p>479 2172 368 491 2173 380 492 2174 381</p>
          <p>492 2175 381 480 2176 369 479 2177 368</p>
          <p>480 2178 369 492 2179 381 493 2180 382</p>
          <p>493 2181 382 481 2182 370 480 2183 369</p>
          <p>481 2184 370 493 2185 382 494 2186 383</p>
          <p>494 2187 383 482 2188 371 481 2189 370</p>
          <p>482 2190 371 494 2191 383 495 2192 384</p>
          <p>495 2193 384 483 2194 372 482 2195 371</p>
          <p>483 2196 372 495 2197 384 496 2198 385</p>
          <p>496 2199 385 484 2200 373 483 2201 372</p>
          <p>484 2202 373 496 2203 385 497 2204 386</p>
          <p>497 2205 386 485 2206 374 484 2207 373</p>
          <p>485 2208 374 497 2209 386 498 2210 387</p>
          <p>498 2211 387 486 2212 375 485 2213 374</p>
          <p>486 2214 375 498 2215 387 499 2216 388</p>
          <p>499 2217 388 487 2218 376 486 2219 375</p>
          <p>487 2220 376 499 2221 388 500 2222 389</p>
          <p>500 2223 389 488 2224 377 487 2225 376</p>
          <p>488 2226 377 500 2227 389 501 2228 390</p>
          <p>501 2229 390 489 2230 378 488 2231 377</p>
          <p>489 2232 378 501 2233 390 490 2234 379</p>
          <p>490 2235 379 478 2236 367 489 2237 378</p>
          <p>490 2238 379 502 2239 391 503 2240 392</p>
          <p>503 2241 392 491 2242 380 490 2243 379</p>
          <p>491 2244 380 503 2245 392 504 2246 393</p>
          <p>504 2247 393 492 2248 381 491 2249 380</p>
          <p>492 2250 381 504 2251 393 505 2252 394</p>
          <p>505 2253 394 493 2254 382 492 2255 381</p>
          <p>493 2256 382 505 2257 394 506 2258 395</p>
          <p>506 2259 395 494 2260 383 493 2261 382</p>
          <p>494 2262 383 506 2263 395 507 2264 396</p>
          <p>507 2265 396 495 2266 384 494 2267 383</p>
          <p>495 2268 384 507 2269 396 508 2270 397</p>
          <p>508 2271 397 496 2272 385 495 2273 384</p>
          <p>496 2274 385 508 2275 397 509 2276 398</p>
          <p>509 2277 398 497 2278 386 496 2279 385</p>
          <p>497 2280 386 509 2281 398 510 2282 399</p>
          <p>510 2283 399 498 2284 387 497 2285 386</p>
          <p>498 2286 387 510 2287 399 511 2288 400</p>
          <p>511 2289 400 499 2290 388 498 2291 387</p>
          <p>499 2292 388 511 2293 400 512 2294 401</p>
          <p>512 2295 401 500 2296 389 499 2297 388</p>
          <p>500 2298 389 512 2299 401 513 2300 402</p>
          <p>513 2301 402 501 2302 390 500 2303 389</p>
          <p>501 2304 390 513 2305 402 502 2306 391</p>
          <p>502 2307 391 490 2308 379 501 2309 390</p>
          <p>514 2310 496 515 2311 497 516 2312 498</p>
          <p>514 2313 496 516 2314 498 517 2315 499</p>
          <p>514 2316 496 517 2317 499 518 2318 500</p>
          <p>514 2319 496 518 2320 500 519 2321 502</p>
          <p>514 2322 496 519 2323 502 520 2324 503</p>
          <p>514 2325 496 520 2326 503 521 2327 504</p>
          <p>514 2328 496 521 2329 504 522 2330 618</p>
          <p>514 2331 496 522 2332 618 523 2333 619</p>
          <p>514 2334 496 523 2335 619 524 2336 620</p>
          <p>514 2337 496 524 2338 620 525 2339 621</p>
          <p>514 2340 496 525 2341 621 526 2342 622</p>
          <p>514 2343 496 526 2344 622 515 2345 497</p>
          <p>515 2346 497 527 2347 624 528 2348 623</p>
          <p>528 2349 623 516 2350 498 515 2351 497</p>
          <p>516 2352 498 528 2353 623 529 2354 625</p>
          <p>529 2355 625 517 2356 499 516 2357 498</p>
          <p>517 2358 499 529 2359 625 530 2360 626</p>
          <p>530 2361 626 518 2362 500 517 2363 499</p>
          <p>518 2364 500 530 2365 626 531 2366 627</p>
          <p>531 2367 627 519 2368 502 518 2369 500</p>
          <p>519 2370 502 531 2371 627 532 2372 628</p>
          <p>532 2373 628 520 2374 503 519 2375 502</p>
          <p>520 2376 503 532 2377 628 533 2378 629</p>
          <p>533 2379 629 521 2380 504 520 2381 503</p>
          <p>521 2382 504 533 2383 629 534 2384 630</p>
          <p>534 2385 630 522 2386 618 521 2387 504</p>
          <p>522 2388 618 534 2389 630 535 2390 631</p>
          <p>535 2391 631 523 2392 619 522 2393 618</p>
          <p>523 2394 619 535 2395 631 536 2396 632</p>
          <p>536 2397 632 524 2398 620 523 2399 619</p>
          <p>524 2400 620 536 2401 632 537 2402 633</p>
          <p>537 2403 633 525 2404 621 524 2405 620</p>
          <p>525 2406 621 537 2407 633 538 2408 634</p>
          <p>538 2409 634 526 2410 622 525 2411 621</p>
          <p>526 2412 622 538 2413 634 527 2414 624</p>
          <p>527 2415 624 515 2416 497 526 2417 622</p>
          <p>527 2418 624 539 2419 636 540 2420 635</p>
          <p>540 2421 635 528 2422 623 527 2423 624</p>
          <p>528 2424 623 540 2425 635 541 2426 637</p>
          <p>541 2427 637 529 2428 625 528 2429 623</p>
          <p>529 2430 625 541 2431 637 542 2432 638</p>
          <p>542 2433 638 530 2434 626 529 2435 625</p>
          <p>530 2436 626 542 2437 638 543 2438 639</p>
          <p>543 2439 639 531 2440 627 530 2441 626</p>
          <p>531 2442 627 543 2443 639 544 2444 640</p>
          <p>544 2445 640 532 2446 628 531 2447 627</p>
          <p>532 2448 628 544 2449 640 545 2450 641</p>
          <p>545 2451 641 533 2452 629 532 2453 628</p>
          <p>533 2454 629 545 2455 641 546 2456 642</p>
          <p>546 2457 642 534 2458 630 533 2459 629</p>
          <p>534 2460 630 546 2461 642 547 2462 643</p>
          <p>547 2463 643 535 2464 631 534 2465 630</p>
          <p>535 2466 631 547 2467 643 548 2468 644</p>
          <p>548 2469 644 536 2470 632 535 2471 631</p>
          <p>536 2472 632 548 2473 644 549 2474 645</p>
          <p>549 2475 645 537 2476 633 536 2477 632</p>
          <p>537 2478 633 549 2479 645 550 2480 646</p>
          <p>550 2481 646 538 2482 634 537 2483 633</p>
          <p>538 2484 634 550 2485 646 539 2486 636</p>
          <p>539 2487 636 527 2488 624 538 2489 634</p>
          <p>551 2490 647 552 2491 648 553 2492 649</p>
          <p>551 2493 647 553 2494 649 554 2495 650</p>
          <p>551 2496 647 554 2497 650 555 2498 651</p>
          <p>551 2499 647 555 2500 651 556 2501 652</p>
          <p>551 2502 647 556 2503 652 557 2504 653</p>
          <p>551 2505 647 557 2506 653 558 2507 654</p>
          <p>551 2508 647 558 2509 654 559 2510 655</p>
          <p>551 2511 647 559 2512 655 560 2513 656</p>
          <p>551 2514 647 560 2515 656 561 2516 657</p>
          <p>551 2517 647 561 2518 657 562 2519 658</p>
          <p>551 2520 647 562 2521 658 563 2522 659</p>
          <p>551 2523 647 563 2524 659 552 2525 648</p>
          <p>552 2526 648 564 2527 661 565 2528 660</p>
          <p>565 2529 660 553 2530 649 552 2531 648</p>
          <p>553 2532 649 565 2533 660 566 2534 662</p>
          <p>566 2535 662 554 2536 650 553 2537 649</p>
          <p>554 2538 650 566 2539 662 567 2540 663</p>
          <p>567 2541 663 555 2542 651 554 2543 650</p>
          <p>555 2544 651 567 2545 663 568 2546 664</p>
          <p>568 2547 664 556 2548 652 555 2549 651</p>
          <p>556 2550 652 568 2551 664 569 2552 665</p>
          <p>569 2553 665 557 2554 653 556 2555 652</p>
          <p>557 2556 653 569 2557 665 570 2558 666</p>
          <p>570 2559 666 558 2560 654 557 2561 653</p>
          <p>558 2562 654 570 2563 666 571 2564 667</p>
          <p>571 2565 667 559 2566 655 558 2567 654</p>
          <p>559 2568 655 571 2569 667 572 2570 668</p>
          <p>572 2571 668 560 2572 656 559 2573 655</p>
          <p>560 2574 656 572 2575 668 573 2576 669</p>
          <p>573 2577 669 561 2578 657 560 2579 656</p>
          <p>561 2580 657 573 2581 669 574 2582 670</p>
          <p>574 2583 670 562 2584 658 561 2585 657</p>
          <p>562 2586 658 574 2587 670 575 2588 671</p>
          <p>575 2589 671 563 2590 659 562 2591 658</p>
          <p>563 2592 659 575 2593 671 564 2594 661</p>
          <p>564 2595 661 552 2596 648 563 2597 659</p>
          <p>564 2598 661 576 2599 673 577 2600 672</p>
          <p>577 2601 672 565 2602 660 564 2603 661</p>
          <p>565 2604 660 577 2605 672 578 2606 674</p>
          <p>578 2607 674 566 2608 662 565 2609 660</p>
          <p>566 2610 662 578 2611 674 579 2612 675</p>
          <p>579 2613 675 567 2614 663 566 2615 662</p>
          <p>567 2616 663 579 2617 675 580 2618 676</p>
          <p>580 2619 676 568 2620 664 567 2621 663</p>
          <p>568 2622 664 580 2623 676 581 2624 677</p>
          <p>581 2625 677 569 2626 665 568 2627 664</p>
          <p>569 2628 665 581 2629 677 582 2630 678</p>
          <p>582 2631 678 570 2632 666 569 2633 665</p>
          <p>570 2634 666 582 2635 678 583 2636 679</p>
          <p>583 2637 679 571 2638 667 570 2639 666</p>
          <p>571 2640 667 583 2641 679 584 2642 680</p>
          <p>584 2643 680 572 2644 668 571 2645 667</p>
          <p>572 2646 668 584 2647 680 585 2648 681</p>
          <p>585 2649 681 573 2650 669 572 2651 668</p>
          <p>573 2652 669 585 2653 681 586 2654 682</p>
          <p>586 2655 682 574 2656 670 573 2657 669</p>
          <p>574 2658 670 586 2659 682 587 2660 683</p>
          <p>587 2661 683 575 2662 671 574 2663 670</p>
          <p>575 2664 671 587 2665 683 576 2666 673</p>
          <p>576 2667 673 564 2668 661 575 2669 671</p>
          <p>318 2670 355 317 2671 356 227 2672 357</p>
          <p>227 2673 357 319 2674 354 318 2675 355</p>
          <p>224 2676 250 321 2677 253 320 2678 353</p>
          <p>320 2679 353 319 2680 354 224 2681 250</p>
          <p>226 2682 26 316 2683 349 315 2684 350</p>
          <p>315 2685 350 314 2686 351 226 2687 26</p>
          <p>314 2688 351 313 2689 352 312 2690 501</p>
          <p>312 2691 501 225 2692 27 314 2693 351</p>
          <p>221 2694 340 306 2695 341 305 2696 485</p>
          <p>305 2697 485 304 2698 486 221 2699 340</p>
          <p>304 2700 486 303 2701 487 302 2702 488</p>
          <p>302 2703 488 220 2704 489 304 2705 486</p>
          <p>308 2706 347 307 2707 493 222 2708 25</p>
          <p>222 2709 25 309 2710 346 308 2711 347</p>
          <p>223 2712 24 311 2713 344 310 2714 345</p>
          <p>310 2715 345 309 2716 346 223 2717 24</p>
          <p>436 2718 684 435 2719 685 345 2720 185</p>
          <p>345 2721 185 437 2722 184 436 2723 684</p>
          <p>342 2724 183 439 2725 686 438 2726 687</p>
          <p>438 2727 687 437 2728 184 342 2729 183</p>
          <p>344 2730 174 434 2731 688 433 2732 689</p>
          <p>433 2733 689 432 2734 175 344 2735 174</p>
          <p>432 2736 175 431 2737 690 430 2738 691</p>
          <p>430 2739 691 343 2740 176 432 2741 175</p>
          <p>339 2742 87 424 2743 692 423 2744 693</p>
          <p>423 2745 693 422 2746 88 339 2747 87</p>
          <p>422 2748 88 421 2749 694 420 2750 695</p>
          <p>420 2751 695 338 2752 89 422 2753 88</p>
          <p>426 2754 696 425 2755 697 340 2756 163</p>
          <p>340 2757 163 427 2758 162 426 2759 696</p>
          <p>341 2760 161 429 2761 698 428 2762 699</p>
          <p>428 2763 699 427 2764 162 341 2765 161</p>
          <p>2 2766 529 3 2767 530 1 2768 531</p>
          <p>1 2769 531 0 2770 528 2 2771 529</p>
          <p>15 2772 152 14 2773 423 12 2774 15</p>
          <p>12 2775 15 13 2776 14 15 2777 152</p>
          <p>113 2778 421 112 2779 424 110 2780 133</p>
          <p>110 2781 133 111 2782 132 113 2783 421</p>
          <p>211 2784 228 210 2785 232 208 2786 225</p>
          <p>208 2787 225 209 2788 224 211 2789 228</p>
          <p>329 2790 34 328 2791 37 326 2792 31</p>
          <p>326 2793 31 327 2794 30 329 2795 34</p>
        </polygons>
      </mesh>
    </geometry>
    <geometry id="SwitchHandle-lib" name="SwitchHandleMesh">
      <mesh>
        <source id="SwitchHandle-lib-Position">
          <float_array id="SwitchHandle-lib-Position-array" count="396">
0.088580 -0.000000 2.062609
0.083257 0.030184 2.062609
0.155027 0.056306 2.357717
0.164955 -0.000000 2.357717
0.067932 0.056728 2.062609
0.126440 0.105821 2.357717
0.044453 0.076429 2.062609
0.082641 0.142572 2.357717
0.015652 0.086912 2.062609
0.028914 0.162127 2.357717
-0.014998 0.086912 2.062609
-0.028261 0.162127 2.357717
-0.043799 0.076429 2.062609
-0.081987 0.142572 2.357717
-0.067278 0.056728 2.062609
-0.125786 0.105821 2.357717
-0.082603 0.030184 2.062609
-0.154373 0.056306 2.357717
-0.087926 -0.000000 2.062609
-0.164302 -0.000000 2.357717
-0.082603 -0.030184 2.062609
-0.154373 -0.056306 2.357717
-0.067278 -0.056728 2.062609
-0.125786 -0.105821 2.357717
-0.043799 -0.076429 2.062609
-0.081987 -0.142573 2.357717
-0.014998 -0.086912 2.062609
-0.028261 -0.162128 2.357717
0.015652 -0.086912 2.062609
0.028914 -0.162128 2.357717
0.044453 -0.076429 2.062609
0.082641 -0.142573 2.357717
0.067932 -0.056728 2.062609
0.126440 -0.105821 2.357717
0.083257 -0.030184 2.062609
0.155027 -0.056307 2.357717
0.205282 0.074597 2.687459
0.218436 -0.000000 2.687459
0.167408 0.140197 2.687459
0.109381 0.188887 2.687459
0.038201 0.214795 2.687459
-0.037547 0.214795 2.687459
-0.108727 0.188887 2.687459
-0.166754 0.140197 2.687459
-0.204628 0.074597 2.687459
-0.217782 -0.000000 2.687459
-0.204628 -0.074598 2.687459
-0.166754 -0.140198 2.687459
-0.108727 -0.188888 2.687459
-0.037547 -0.214795 2.687459
0.038201 -0.214795 2.687459
0.109381 -0.188888 2.687459
0.167408 -0.140198 2.687459
0.205282 -0.074598 2.687459
0.218016 0.079232 2.965899
0.231987 -0.000000 2.965899
0.177789 0.148908 2.965899
0.116157 0.200624 2.965899
0.040554 0.228140 2.965899
-0.039900 0.228140 2.965899
-0.115503 0.200623 2.965899
-0.177135 0.148908 2.965899
-0.217362 0.079232 2.965899
-0.231333 -0.000000 2.965899
-0.217362 -0.079233 2.965899
-0.177135 -0.148909 2.965899
-0.115503 -0.200624 2.965899
-0.039900 -0.228141 2.965899
0.040554 -0.228141 2.965899
0.116157 -0.200624 2.965899
0.177789 -0.148909 2.965899
0.218016 -0.079233 2.965899
0.175618 0.063800 3.103757
0.186868 -0.000000 3.103757
0.143226 0.119906 3.103757
0.093597 0.161549 3.103757
0.032720 0.183706 3.103757
-0.032065 0.183706 3.103757
-0.092943 0.161549 3.103757
-0.142571 0.119906 3.103757
-0.174964 0.063800 3.103757
-0.186214 -0.000000 3.103757
-0.174964 -0.063801 3.103757
-0.142571 -0.119906 3.103757
-0.092943 -0.161549 3.103757
-0.032065 -0.183707 3.103757
0.032719 -0.183707 3.103757
0.093597 -0.161549 3.103757
0.143225 -0.119906 3.103757
0.175618 -0.063801 3.103757
0.096384 0.034962 3.181472
0.102549 -0.000000 3.181472
0.078634 0.065707 3.181473
0.051438 0.088526 3.181473
0.018078 0.100669 3.181474
-0.017424 0.100669 3.181474
-0.050784 0.088526 3.181475
-0.077979 0.065706 3.181475
-0.095730 0.034962 3.181475
-0.101895 -0.000000 3.181475
-0.095730 -0.034962 3.181475
-0.077979 -0.065707 3.181475
-0.050784 -0.088527 3.181474
-0.017424 -0.100669 3.181473
0.018078 -0.100669 3.181473
0.051438 -0.088527 3.181472
0.078634 -0.065707 3.181472
0.096384 -0.034962 3.181472
-0.579419 0.107161 -0.129145
-0.484152 0.107161 -0.129145
-0.579419 0.107161 2.063794
-0.484152 0.107161 2.063794
-0.579419 -0.107054 -0.129145
-0.484152 -0.107054 -0.129145
-0.579419 -0.107054 2.063794
-0.484152 -0.107054 2.063794
-0.484152 0.107161 1.925989
-0.484152 -0.107054 1.925989
0.483801 0.107160 1.925989
0.483801 0.107160 2.063794
0.483801 -0.107054 2.063794
0.483801 -0.107054 1.925989
0.579419 0.107160 1.925989
0.579419 0.107160 2.063794
0.579419 -0.107054 2.063794
0.579419 -0.107054 1.925989
0.483801 -0.107054 -0.129431
0.483801 0.107161 -0.129431
0.579419 0.107161 -0.129431
0.579419 -0.107054 -0.129431
-0.579419 0.107161 1.921253
-0.579419 -0.107054 1.921253
</float_array>
          <technique_common>
            <accessor source="#SwitchHandle-lib-Position-array" count="132" stride="3">
              <param name="X" type="float"/>
              <param name="Y" type="float"/>
              <param name="Z" type="float"/>
            </accessor>
          </technique_common>
        </source>
        <source id="SwitchHandle-lib-Normal0">
          <float_array id="SwitchHandle-lib-Normal0-array" count="2160">
0.968103 -0.000001 -0.250552
0.909719 0.331111 -0.250552
0.919829 0.334791 -0.204523
0.919829 0.334791 -0.204523
0.978862 0.000000 -0.204523
0.968103 -0.000001 -0.250552
0.909719 0.331111 -0.250552
0.741609 0.622286 -0.250552
0.749852 0.629200 -0.204523
0.749852 0.629200 -0.204523
0.919829 0.334791 -0.204523
0.909719 0.331111 -0.250552
0.741609 0.622286 -0.250552
0.484052 0.838402 -0.250552
0.489431 0.847719 -0.204523
0.489431 0.847719 -0.204523
0.749852 0.629200 -0.204523
0.741609 0.622286 -0.250552
0.484052 0.838402 -0.250552
0.168111 0.953395 -0.250552
0.169978 0.963991 -0.204523
0.169978 0.963991 -0.204523
0.489431 0.847719 -0.204523
0.484052 0.838402 -0.250552
0.168111 0.953395 -0.250552
-0.168111 0.953395 -0.250552
-0.169977 0.963991 -0.204523
-0.169977 0.963991 -0.204523
0.169978 0.963991 -0.204523
0.168111 0.953395 -0.250552
-0.168111 0.953395 -0.250552
-0.484052 0.838402 -0.250552
-0.489431 0.847719 -0.204523
-0.489431 0.847719 -0.204523
-0.169977 0.963991 -0.204523
-0.168111 0.953395 -0.250552
-0.484052 0.838402 -0.250552
-0.741609 0.622286 -0.250552
-0.749852 0.629200 -0.204523
-0.749852 0.629200 -0.204523
-0.489431 0.847719 -0.204523
-0.484052 0.838402 -0.250552
-0.741609 0.622286 -0.250552
-0.909719 0.331111 -0.250552
-0.919829 0.334790 -0.204523
-0.919829 0.334790 -0.204523
-0.749852 0.629200 -0.204523
-0.741609 0.622286 -0.250552
-0.909719 0.331111 -0.250552
-0.968103 -0.000000 -0.250552
-0.978862 -0.000000 -0.204523
-0.978862 -0.000000 -0.204523
-0.919829 0.334790 -0.204523
-0.909719 0.331111 -0.250552
-0.968103 -0.000000 -0.250552
-0.909719 -0.331111 -0.250552
-0.919829 -0.334791 -0.204523
-0.919829 -0.334791 -0.204523
-0.978862 -0.000000 -0.204523
-0.968103 -0.000000 -0.250552
-0.909719 -0.331111 -0.250552
-0.741611 -0.622284 -0.250552
-0.749852 -0.629200 -0.204523
-0.749852 -0.629200 -0.204523
-0.919829 -0.334791 -0.204523
-0.909719 -0.331111 -0.250552
-0.741611 -0.622284 -0.250552
-0.484052 -0.838402 -0.250552
-0.489432 -0.847719 -0.204523
-0.489432 -0.847719 -0.204523
-0.749852 -0.629200 -0.204523
-0.741611 -0.622284 -0.250552
-0.484052 -0.838402 -0.250552
-0.168109 -0.953396 -0.250552
-0.169979 -0.963990 -0.204523
-0.169979 -0.963990 -0.204523
-0.489432 -0.847719 -0.204523
-0.484052 -0.838402 -0.250552
-0.168109 -0.953396 -0.250552
0.168109 -0.953396 -0.250552
0.169977 -0.963991 -0.204523
0.169977 -0.963991 -0.204523
-0.169979 -0.963990 -0.204523
-0.168109 -0.953396 -0.250552
0.168109 -0.953396 -0.250552
0.484051 -0.838403 -0.250552
0.489431 -0.847719 -0.204523
0.489431 -0.847719 -0.204523
0.169977 -0.963991 -0.204523
0.168109 -0.953396 -0.250552
0.484051 -0.838403 -0.250552
0.741610 -0.622285 -0.250552
0.749851 -0.629201 -0.204523
0.749851 -0.629201 -0.204523
0.489431 -0.847719 -0.204523
0.484051 -0.838403 -0.250552
0.741610 -0.622285 -0.250552
0.909719 -0.331111 -0.250552
0.919829 -0.334791 -0.204523
0.919829 -0.334791 -0.204523
0.749851 -0.629201 -0.204523
0.741610 -0.622285 -0.250552
0.909719 -0.331111 -0.250552
0.968103 -0.000001 -0.250552
0.978862 0.000000 -0.204523
0.978862 0.000000 -0.204523
0.919829 -0.334791 -0.204523
0.909719 -0.331111 -0.250552
0.978862 0.000000 -0.204523
0.919829 0.334791 -0.204523
0.934609 0.340170 -0.103880
0.934609 0.340170 -0.103880
0.994590 0.000000 -0.103880
0.978862 0.000000 -0.204523
0.919829 0.334791 -0.204523
0.749852 0.629200 -0.204523
0.761900 0.639310 -0.103880
0.761900 0.639310 -0.103880
0.934609 0.340170 -0.103880
0.919829 0.334791 -0.204523
0.749852 0.629200 -0.204523
0.489431 0.847719 -0.204523
0.497295 0.861340 -0.103880
0.497295 0.861340 -0.103880
0.761900 0.639310 -0.103880
0.749852 0.629200 -0.204523
0.489431 0.847719 -0.204523
0.169978 0.963991 -0.204523
0.172708 0.979480 -0.103880
0.172708 0.979480 -0.103880
0.497295 0.861340 -0.103880
0.489431 0.847719 -0.204523
0.169978 0.963991 -0.204523
-0.169977 0.963991 -0.204523
-0.172709 0.979480 -0.103880
-0.172709 0.979480 -0.103880
0.172708 0.979480 -0.103880
0.169978 0.963991 -0.204523
-0.169977 0.963991 -0.204523
-0.489431 0.847719 -0.204523
-0.497295 0.861340 -0.103879
-0.497295 0.861340 -0.103879
-0.172709 0.979480 -0.103880
-0.169977 0.963991 -0.204523
-0.489431 0.847719 -0.204523
-0.749852 0.629200 -0.204523
-0.761900 0.639310 -0.103879
-0.761900 0.639310 -0.103879
-0.497295 0.861340 -0.103879
-0.489431 0.847719 -0.204523
-0.749852 0.629200 -0.204523
-0.919829 0.334790 -0.204523
-0.934609 0.340170 -0.103880
-0.934609 0.340170 -0.103880
-0.761900 0.639310 -0.103879
-0.749852 0.629200 -0.204523
-0.919829 0.334790 -0.204523
-0.978862 -0.000000 -0.204523
-0.994590 0.000001 -0.103879
-0.994590 0.000001 -0.103879
-0.934609 0.340170 -0.103880
-0.919829 0.334790 -0.204523
-0.978862 -0.000000 -0.204523
-0.919829 -0.334791 -0.204523
-0.934609 -0.340169 -0.103880
-0.934609 -0.340169 -0.103880
-0.994590 0.000001 -0.103879
-0.978862 -0.000000 -0.204523
-0.919829 -0.334791 -0.204523
-0.749852 -0.629200 -0.204523
-0.761900 -0.639310 -0.103880
-0.761900 -0.639310 -0.103880
-0.934609 -0.340169 -0.103880
-0.919829 -0.334791 -0.204523
-0.749852 -0.629200 -0.204523
-0.489432 -0.847719 -0.204523
-0.497295 -0.861340 -0.103880
-0.497295 -0.861340 -0.103880
-0.761900 -0.639310 -0.103880
-0.749852 -0.629200 -0.204523
-0.489432 -0.847719 -0.204523
-0.169979 -0.963990 -0.204523
-0.172709 -0.979480 -0.103880
-0.172709 -0.979480 -0.103880
-0.497295 -0.861340 -0.103880
-0.489432 -0.847719 -0.204523
-0.169979 -0.963990 -0.204523
0.169977 -0.963991 -0.204523
0.172708 -0.979480 -0.103880
0.172708 -0.979480 -0.103880
-0.172709 -0.979480 -0.103880
-0.169979 -0.963990 -0.204523
0.169977 -0.963991 -0.204523
0.489431 -0.847719 -0.204523
0.497294 -0.861340 -0.103880
0.497294 -0.861340 -0.103880
0.172708 -0.979480 -0.103880
0.169977 -0.963991 -0.204523
0.489431 -0.847719 -0.204523
0.749851 -0.629201 -0.204523
0.761900 -0.639310 -0.103880
0.761900 -0.639310 -0.103880
0.497294 -0.861340 -0.103880
0.489431 -0.847719 -0.204523
0.749851 -0.629201 -0.204523
0.919829 -0.334791 -0.204523
0.934609 -0.340170 -0.103880
0.934609 -0.340170 -0.103880
0.761900 -0.639310 -0.103880
0.749851 -0.629201 -0.204523
0.919829 -0.334791 -0.204523
0.978862 0.000000 -0.204523
0.994590 0.000000 -0.103880
0.994590 0.000000 -0.103880
0.934609 -0.340170 -0.103880
0.919829 -0.334791 -0.204523
0.994590 0.000000 -0.103880
0.934609 0.340170 -0.103880
0.931612 0.339079 0.130857
0.931612 0.339079 0.130857
0.991401 0.000001 0.130857
0.994590 0.000000 -0.103880
0.934609 0.340170 -0.103880
0.761900 0.639310 -0.103880
0.759458 0.637260 0.130857
0.759458 0.637260 0.130857
0.931612 0.339079 0.130857
0.934609 0.340170 -0.103880
0.761900 0.639310 -0.103880
0.497295 0.861340 -0.103880
0.495700 0.858579 0.130859
0.495700 0.858579 0.130859
0.759458 0.637260 0.130857
0.761900 0.639310 -0.103880
0.497295 0.861340 -0.103880
0.172708 0.979480 -0.103880
0.172154 0.976340 0.130858
0.172154 0.976340 0.130858
0.495700 0.858579 0.130859
0.497295 0.861340 -0.103880
0.172708 0.979480 -0.103880
-0.172709 0.979480 -0.103880
-0.172156 0.976339 0.130858
-0.172156 0.976339 0.130858
0.172154 0.976340 0.130858
0.172708 0.979480 -0.103880
-0.172709 0.979480 -0.103880
-0.497295 0.861340 -0.103879
-0.495701 0.858579 0.130857
-0.495701 0.858579 0.130857
-0.172156 0.976339 0.130858
-0.172709 0.979480 -0.103880
-0.497295 0.861340 -0.103879
-0.761900 0.639310 -0.103879
-0.759457 0.637260 0.130857
-0.759457 0.637260 0.130857
-0.495701 0.858579 0.130857
-0.497295 0.861340 -0.103879
-0.761900 0.639310 -0.103879
-0.934609 0.340170 -0.103880
-0.931612 0.339079 0.130858
-0.931612 0.339079 0.130858
-0.759457 0.637260 0.130857
-0.761900 0.639310 -0.103879
-0.934609 0.340170 -0.103880
-0.994590 0.000001 -0.103879
-0.991401 0.000001 0.130858
-0.991401 0.000001 0.130858
-0.931612 0.339079 0.130858
-0.934609 0.340170 -0.103880
-0.994590 0.000001 -0.103879
-0.934609 -0.340169 -0.103880
-0.931612 -0.339079 0.130858
-0.931612 -0.339079 0.130858
-0.991401 0.000001 0.130858
-0.994590 0.000001 -0.103879
-0.934609 -0.340169 -0.103880
-0.761900 -0.639310 -0.103880
-0.759457 -0.637261 0.130858
-0.759457 -0.637261 0.130858
-0.931612 -0.339079 0.130858
-0.934609 -0.340169 -0.103880
-0.761900 -0.639310 -0.103880
-0.497295 -0.861340 -0.103880
-0.495701 -0.858579 0.130857
-0.495701 -0.858579 0.130857
-0.759457 -0.637261 0.130858
-0.761900 -0.639310 -0.103880
-0.497295 -0.861340 -0.103880
-0.172709 -0.979480 -0.103880
-0.172156 -0.976339 0.130858
-0.172156 -0.976339 0.130858
-0.495701 -0.858579 0.130857
-0.497295 -0.861340 -0.103880
-0.172709 -0.979480 -0.103880
0.172708 -0.979480 -0.103880
0.172154 -0.976340 0.130858
0.172154 -0.976340 0.130858
-0.172156 -0.976339 0.130858
-0.172709 -0.979480 -0.103880
0.172708 -0.979480 -0.103880
0.497294 -0.861340 -0.103880
0.495700 -0.858579 0.130857
0.495700 -0.858579 0.130857
0.172154 -0.976340 0.130858
0.172708 -0.979480 -0.103880
0.497294 -0.861340 -0.103880
0.761900 -0.639310 -0.103880
0.759456 -0.637262 0.130857
0.759456 -0.637262 0.130857
0.495700 -0.858579 0.130857
0.497294 -0.861340 -0.103880
0.761900 -0.639310 -0.103880
0.934609 -0.340170 -0.103880
0.931612 -0.339079 0.130858
0.931612 -0.339079 0.130858
0.759456 -0.637262 0.130857
0.761900 -0.639310 -0.103880
0.934609 -0.340170 -0.103880
0.994590 0.000000 -0.103880
0.991401 0.000001 0.130857
0.991401 0.000001 0.130857
0.931612 -0.339079 0.130858
0.934609 -0.340170 -0.103880
0.991401 0.000001 0.130857
0.931612 0.339079 0.130857
0.797839 0.290388 0.528326
0.797839 0.290388 0.528326
0.849041 -0.000000 0.528327
0.991401 0.000001 0.130857
0.931612 0.339079 0.130857
0.759458 0.637260 0.130857
0.650403 0.545754 0.528325
0.650403 0.545754 0.528325
0.797839 0.290388 0.528326
0.931612 0.339079 0.130857
0.759458 0.637260 0.130857
0.495700 0.858579 0.130859
0.424520 0.735294 0.528323
0.424520 0.735294 0.528323
0.650403 0.545754 0.528325
0.759458 0.637260 0.130857
0.495700 0.858579 0.130859
0.172154 0.976340 0.130858
0.147435 0.836145 0.528322
0.147435 0.836145 0.528322
0.424520 0.735294 0.528323
0.495700 0.858579 0.130859
0.172154 0.976340 0.130858
-0.172156 0.976339 0.130858
-0.147435 0.836146 0.528320
-0.147435 0.836146 0.528320
0.147435 0.836145 0.528322
0.172154 0.976340 0.130858
-0.172156 0.976339 0.130858
-0.495701 0.858579 0.130857
-0.424521 0.735296 0.528319
-0.424521 0.735296 0.528319
-0.147435 0.836146 0.528320
-0.172156 0.976339 0.130858
-0.495701 0.858579 0.130857
-0.759457 0.637260 0.130857
-0.650405 0.545757 0.528320
-0.650405 0.545757 0.528320
-0.424521 0.735296 0.528319
-0.495701 0.858579 0.130857
-0.759457 0.637260 0.130857
-0.931612 0.339079 0.130858
-0.797843 0.290390 0.528318
-0.797843 0.290390 0.528318
-0.650405 0.545757 0.528320
-0.759457 0.637260 0.130857
-0.931612 0.339079 0.130858
-0.991401 0.000001 0.130858
-0.849046 -0.000000 0.528319
-0.849046 -0.000000 0.528319
-0.797843 0.290390 0.528318
-0.931612 0.339079 0.130858
-0.991401 0.000001 0.130858
-0.931612 -0.339079 0.130858
-0.797841 -0.290392 0.528320
-0.797841 -0.290392 0.528320
-0.849046 -0.000000 0.528319
-0.991401 0.000001 0.130858
-0.931612 -0.339079 0.130858
-0.759457 -0.637261 0.130858
-0.650406 -0.545756 0.528320
-0.650406 -0.545756 0.528320
-0.797841 -0.290392 0.528320
-0.931612 -0.339079 0.130858
-0.759457 -0.637261 0.130858
-0.495701 -0.858579 0.130857
-0.424522 -0.735293 0.528324
-0.424522 -0.735293 0.528324
-0.650406 -0.545756 0.528320
-0.759457 -0.637261 0.130858
-0.495701 -0.858579 0.130857
-0.172156 -0.976339 0.130858
-0.147434 -0.836145 0.528323
-0.147434 -0.836145 0.528323
-0.424522 -0.735293 0.528324
-0.495701 -0.858579 0.130857
-0.172156 -0.976339 0.130858
0.172154 -0.976340 0.130858
0.147433 -0.836144 0.528325
0.147433 -0.836144 0.528325
-0.147434 -0.836145 0.528323
-0.172156 -0.976339 0.130858
0.172154 -0.976340 0.130858
0.495700 -0.858579 0.130857
0.424520 -0.735291 0.528328
0.424520 -0.735291 0.528328
0.147433 -0.836144 0.528325
0.172154 -0.976340 0.130858
0.495700 -0.858579 0.130857
0.759456 -0.637262 0.130857
0.650404 -0.545753 0.528327
0.650404 -0.545753 0.528327
0.424520 -0.735291 0.528328
0.495700 -0.858579 0.130857
0.759456 -0.637262 0.130857
0.931612 -0.339079 0.130858
0.797837 -0.290391 0.528327
0.797837 -0.290391 0.528327
0.650404 -0.545753 0.528327
0.759456 -0.637262 0.130857
0.931612 -0.339079 0.130858
0.991401 0.000001 0.130857
0.849041 -0.000000 0.528327
0.849041 -0.000000 0.528327
0.797837 -0.290391 0.528327
0.931612 -0.339079 0.130858
0.849041 -0.000000 0.528327
0.797839 0.290388 0.528326
0.636856 0.231788 0.735316
0.636856 0.231788 0.735316
0.677724 0.000000 0.735316
0.849041 -0.000000 0.528327
0.797839 0.290388 0.528326
0.650403 0.545754 0.528325
0.519171 0.435629 0.735316
0.519171 0.435629 0.735316
0.636856 0.231788 0.735316
0.797839 0.290388 0.528326
0.650403 0.545754 0.528325
0.424520 0.735294 0.528323
0.338870 0.586927 0.735312
0.338870 0.586927 0.735312
0.519171 0.435629 0.735316
0.650403 0.545754 0.528325
0.424520 0.735294 0.528323
0.147435 0.836145 0.528322
0.117698 0.667433 0.735309
0.117698 0.667433 0.735309
0.338870 0.586927 0.735312
0.424520 0.735294 0.528323
0.147435 0.836145 0.528322
-0.147435 0.836146 0.528320
-0.117680 0.667440 0.735306
-0.117680 0.667440 0.735306
0.117698 0.667433 0.735309
0.147435 0.836145 0.528322
-0.147435 0.836146 0.528320
-0.424521 0.735296 0.528319
-0.338865 0.586941 0.735304
-0.338865 0.586941 0.735304
-0.117680 0.667440 0.735306
-0.147435 0.836146 0.528320
-0.424521 0.735296 0.528319
-0.650405 0.545757 0.528320
-0.519175 0.435644 0.735304
-0.519175 0.435644 0.735304
-0.338865 0.586941 0.735304
-0.424521 0.735296 0.528319
-0.650405 0.545757 0.528320
-0.797843 0.290390 0.528318
-0.636866 0.231800 0.735303
-0.636866 0.231800 0.735303
-0.519175 0.435644 0.735304
-0.650405 0.545757 0.528320
-0.797843 0.290390 0.528318
-0.849046 -0.000000 0.528319
-0.677740 -0.000005 0.735302
-0.677740 -0.000005 0.735302
-0.636866 0.231800 0.735303
-0.797843 0.290390 0.528318
-0.849046 -0.000000 0.528319
-0.797841 -0.290392 0.528320
-0.636865 -0.231803 0.735303
-0.636865 -0.231803 0.735303
-0.677740 -0.000005 0.735302
-0.849046 -0.000000 0.528319
-0.797841 -0.290392 0.528320
-0.650406 -0.545756 0.528320
-0.519173 -0.435648 0.735303
-0.519173 -0.435648 0.735303
-0.636865 -0.231803 0.735303
-0.797841 -0.290392 0.528320
-0.650406 -0.545756 0.528320
-0.424522 -0.735293 0.528324
-0.338856 -0.586944 0.735305
-0.338856 -0.586944 0.735305
-0.519173 -0.435648 0.735303
-0.650406 -0.545756 0.528320
-0.424522 -0.735293 0.528324
-0.147434 -0.836145 0.528323
-0.117679 -0.667438 0.735309
-0.117679 -0.667438 0.735309
-0.338856 -0.586944 0.735305
-0.424522 -0.735293 0.528324
-0.147434 -0.836145 0.528323
0.147433 -0.836144 0.528325
0.117696 -0.667432 0.735311
0.117696 -0.667432 0.735311
-0.117679 -0.667438 0.735309
-0.147434 -0.836145 0.528323
0.147433 -0.836144 0.528325
0.424520 -0.735291 0.528328
0.338867 -0.586926 0.735314
0.338867 -0.586926 0.735314
0.117696 -0.667432 0.735311
0.147433 -0.836144 0.528325
0.424520 -0.735291 0.528328
0.650404 -0.545753 0.528327
0.519167 -0.435632 0.735316
0.519167 -0.435632 0.735316
0.338867 -0.586926 0.735314
0.424520 -0.735291 0.528328
0.650404 -0.545753 0.528327
0.797837 -0.290391 0.528327
0.636852 -0.231798 0.735316
0.636852 -0.231798 0.735316
0.519167 -0.435632 0.735316
0.650404 -0.545753 0.528327
0.797837 -0.290391 0.528327
0.849041 -0.000000 0.528327
0.677724 0.000000 0.735316
0.677724 0.000000 0.735316
0.636852 -0.231798 0.735316
0.797837 -0.290391 0.528327
0.000012 -0.000005 1.000000
0.000024 -0.000009 1.000000
0.000005 -0.000001 1.000000
0.000005 -0.000001 1.000000
0.000017 -0.000003 1.000000
0.000012 -0.000005 1.000000
0.000000 1.000000 0.000000
0.000000 1.000000 0.000000
0.000000 1.000000 0.000000
0.000000 1.000000 0.000000
0.000000 1.000000 0.000000
0.000000 1.000000 0.000000
0.000000 -1.000000 -0.000000
0.000001 -1.000000 -0.000000
0.000002 -1.000000 -0.000000
0.000002 -1.000000 -0.000000
0.000000 -1.000000 -0.000000
0.000000 -1.000000 -0.000000
0.000000 0.000000 -1.000000
0.000000 0.000000 -1.000000
0.000000 0.000000 -1.000000
0.000000 0.000000 -1.000000
0.000000 0.000000 -1.000000
0.000000 0.000000 -1.000000
1.000000 0.000000 0.000000
1.000000 0.000000 0.000000
1.000000 0.000000 0.000000
1.000000 0.000000 0.000000
1.000000 0.000000 0.000000
1.000000 0.000000 0.000000
0.000000 -0.000001 1.000000
0.000000 -0.000001 1.000000
0.000000 -0.000001 1.000000
0.000000 -0.000001 1.000000
0.000000 -0.000001 1.000000
0.000000 -0.000001 1.000000
-1.000000 0.000000 0.000000
-1.000000 0.000000 0.000000
-1.000000 0.000000 0.000000
-1.000000 0.000000 0.000000
-1.000000 0.000000 0.000000
-1.000000 0.000000 0.000000
1.000000 0.000000 0.000000
1.000000 0.000000 0.000000
1.000000 0.000000 0.000000
1.000000 0.000000 0.000000
1.000000 0.000000 0.000000
1.000000 0.000000 0.000000
0.000000 1.000000 0.000000
0.000000 1.000000 0.000000
0.000000 1.000000 0.000000
0.000000 1.000000 0.000000
0.000000 1.000000 0.000000
0.000000 1.000000 0.000000
-0.000000 -0.000001 1.000000
-0.000000 -0.000001 1.000000
-0.000000 -0.000001 1.000000
0.000000 0.000000 1.000000
0.000000 0.000000 1.000000
0.000000 0.000000 1.000000
-0.000000 -1.000000 -0.000001
-0.000000 -1.000000 -0.000001
-0.000000 -1.000000 -0.000001
-0.000000 -1.000000 -0.000001
-0.000000 -1.000000 -0.000001
-0.000000 -1.000000 -0.000001
0.000000 0.000001 -1.000000
0.000000 0.000001 -1.000000
0.000000 0.000001 -1.000000
0.000000 0.000000 -1.000000
0.000000 0.000000 -1.000000
0.000000 0.000000 -1.000000
0.000000 1.000000 0.000000
0.000000 1.000000 0.000000
0.000000 1.000000 0.000000
0.000000 1.000000 0.000000
0.000000 1.000000 0.000000
0.000000 1.000000 0.000000
0.000000 0.000000 1.000000
0.000000 0.000000 1.000000
0.000000 0.000000 1.000000
0.000000 0.000000 1.000000
0.000000 0.000000 1.000000
0.000000 0.000000 1.000000
0.000000 -1.000000 -0.000001
0.000000 -1.000000 -0.000001
0.000000 -1.000000 -0.000001
0.000000 -1.000000 -0.000001
0.000000 -1.000000 -0.000001
0.000000 -1.000000 -0.000001
0.000000 0.000000 -1.000000
0.000000 0.000000 -1.000000
0.000000 0.000000 -1.000000
0.000000 0.000000 -1.000000
0.000000 0.000000 -1.000000
0.000000 0.000000 -1.000000
-1.000000 0.000000 0.000000
-1.000000 0.000000 0.000000
-1.000000 0.000000 0.000000
-1.000000 0.000000 0.000000
-1.000000 0.000000 0.000000
-1.000000 0.000000 0.000000
0.000000 1.000000 0.000000
0.000000 1.000000 0.000000
0.000000 1.000000 0.000000
0.000000 1.000000 0.000000
0.000000 1.000000 0.000000
0.000000 1.000000 0.000000
1.000000 0.000000 0.000000
1.000000 0.000000 0.000000
1.000000 0.000000 0.000000
1.000000 0.000000 0.000000
1.000000 0.000000 0.000000
1.000000 0.000000 0.000000
0.000000 -1.000000 -0.000000
0.000000 -1.000000 -0.000000
0.000000 -1.000000 -0.000000
0.000000 -1.000000 -0.000000
0.000000 -1.000000 -0.000000
0.000000 -1.000000 -0.000000
0.000013 -0.000007 1.000000
0.000039 -0.000007 1.000000
0.000005 -0.000001 1.000000
0.000005 -0.000001 1.000000
0.000024 -0.000009 1.000000
0.000013 -0.000007 1.000000
0.000028 -0.000007 1.000000
0.000017 -0.000007 1.000000
0.000012 -0.000005 1.000000
0.000012 -0.000005 1.000000
0.000017 -0.000003 1.000000
0.000028 -0.000007 1.000000
0.000016 -0.000007 1.000000
0.000022 -0.000007 1.000000
0.000017 -0.000007 1.000000
0.000017 -0.000007 1.000000
0.000028 -0.000007 1.000000
0.000016 -0.000007 1.000000
0.000013 -0.000005 1.000000
0.000017 -0.000005 1.000000
0.000022 -0.000007 1.000000
0.000022 -0.000007 1.000000
0.000016 -0.000007 1.000000
0.000013 -0.000005 1.000000
0.000022 -0.000006 1.000000
0.000005 -0.000006 1.000000
0.000017 -0.000005 1.000000
0.000017 -0.000005 1.000000
0.000013 -0.000005 1.000000
0.000022 -0.000006 1.000000
0.000008 -0.000006 1.000000
0.000034 -0.000006 1.000000
0.000005 -0.000006 1.000000
0.000005 -0.000006 1.000000
0.000022 -0.000006 1.000000
0.000008 -0.000006 1.000000
-0.000002 0.000000 1.000000
-0.000039 0.000000 1.000000
0.000034 -0.000006 1.000000
0.000034 -0.000006 1.000000
0.000008 -0.000006 1.000000
-0.000002 0.000000 1.000000
-1.000000 0.000000 0.000000
-1.000000 0.000000 0.000000
-1.000000 0.000000 0.000000
-1.000000 0.000000 0.000000
-1.000000 0.000000 0.000000
-1.000000 0.000000 0.000000
0.000001 -1.000000 -0.000000
0.000000 -1.000000 -0.000001
0.000001 -1.000000 -0.000001
0.000001 -1.000000 -0.000001
0.000002 -1.000000 -0.000000
0.000001 -1.000000 -0.000000
0.000000 1.000000 0.000000
0.000000 1.000000 0.000000
0.000000 1.000000 0.000000
0.000000 1.000000 0.000000
0.000000 1.000000 0.000000
0.000000 1.000000 0.000000
</float_array>
          <technique_common>
            <accessor source="#SwitchHandle-lib-Normal0-array" count="720" stride="3">
              <param name="X" type="float"/>
              <param name="Y" type="float"/>
              <param name="Z" type="float"/>
            </accessor>
          </technique_common>
        </source>
        <source id="SwitchHandle-lib-UV0">
          <float_array id="SwitchHandle-lib-UV0-array" count="374">
0.266134 0.438061
0.242033 0.438061
0.242033 0.242590
0.266134 0.242590
0.290221 0.438061
0.290221 0.242590
0.314293 0.438061
0.314293 0.242590
0.338345 0.438061
0.338345 0.242590
0.362370 0.438061
0.362370 0.242590
0.386379 0.438061
0.386379 0.242590
0.410413 0.438061
0.410413 0.242590
0.434404 0.438061
0.434404 0.242590
0.025312 0.438061
0.025312 0.242590
0.049352 0.438061
0.049352 0.242590
0.073421 0.438061
0.073421 0.242590
0.097505 0.438061
0.097505 0.242590
0.121599 0.438061
0.121599 0.242590
0.145696 0.438061
0.145696 0.242590
0.169790 0.438061
0.169790 0.242590
0.193881 0.438061
0.193881 0.242590
0.217966 0.438061
0.217966 0.242590
0.266134 0.652456
0.242033 0.652456
0.290221 0.652456
0.314293 0.652456
0.338345 0.652456
0.362370 0.652456
0.386379 0.652456
0.410413 0.652456
0.434404 0.652456
0.025312 0.652456
0.049352 0.652456
0.073421 0.652456
0.097505 0.652456
0.121599 0.652456
0.145696 0.652456
0.169790 0.652456
0.193881 0.652456
0.217966 0.652456
0.266134 0.831385
0.242033 0.831385
0.290221 0.831385
0.314293 0.831385
0.338345 0.831385
0.362370 0.831385
0.386379 0.831385
0.410413 0.831385
0.434404 0.831385
0.025312 0.831385
0.049352 0.831385
0.073421 0.831385
0.097505 0.831385
0.121599 0.831385
0.145696 0.831385
0.169790 0.831385
0.193881 0.831385
0.217966 0.831385
0.266134 0.924401
0.242033 0.924401
0.290221 0.924401
0.314293 0.924401
0.338345 0.924401
0.362370 0.924401
0.386379 0.924401
0.410413 0.924401
0.434404 0.924401
0.025312 0.924401
0.049352 0.924401
0.073421 0.924401
0.097505 0.924401
0.121599 0.924401
0.145696 0.924401
0.169790 0.924401
0.193881 0.924401
0.217966 0.924401
0.266134 0.997407
0.242033 0.997407
0.290221 0.997407
0.314293 0.997407
0.338345 0.997407
0.362370 0.997407
0.386379 0.997407
0.410413 0.997407
0.434404 0.997407
0.025312 0.997407
0.049352 0.997407
0.073421 0.997407
0.097505 0.997407
0.121599 0.997407
0.145696 0.997407
0.169790 0.997407
0.193881 0.997407
0.217966 0.997407
0.805836 0.034656
0.805836 0.993426
0.429762 0.174169
0.417880 0.204890
0.399676 0.227693
0.377345 0.239826
0.353582 0.239826
0.331251 0.227693
0.313047 0.204890
0.301165 0.174169
0.297039 0.139234
0.301165 0.104299
0.313047 0.073577
0.331251 0.050775
0.353582 0.038642
0.377345 0.038642
0.399676 0.050775
0.417880 0.073577
0.429762 0.104299
0.433888 0.139234
0.730715 0.034656
0.730715 0.993426
0.697307 0.993426
0.697307 0.933177
0.808222 0.134327
0.841846 0.134327
0.841846 0.939891
0.841846 0.993907
0.511072 0.937825
0.808222 0.034582
0.841846 0.034582
0.622185 0.034656
0.697306 0.034656
0.880481 0.541933
0.880481 0.497574
0.956087 0.541933
0.808222 0.993907
0.996641 0.995549
0.843748 0.940830
0.880481 0.046866
0.956087 0.046866
0.996641 0.544841
0.435950 0.937825
0.511072 0.998074
0.435950 0.998074
0.877496 0.035409
0.877496 0.135154
0.843748 0.135154
0.843748 0.035409
0.622185 0.933177
0.544603 0.937825
0.956087 0.002344
0.511071 0.039179
0.544603 0.039179
0.843748 0.994846
0.877496 0.940830
0.877496 0.994846
0.880481 0.002344
0.956086 0.002344
0.435950 0.039179
0.619724 0.039179
0.619724 0.937825
0.921035 0.544841
0.880091 0.544842
0.921035 0.995549
0.880092 0.995549
0.956087 0.497574
0.997031 0.497574
0.997030 0.002344
0.997030 0.046866
0.001456 0.438061
0.001456 0.242590
0.001456 0.652456
0.001456 0.831385
0.001456 0.924401
0.001456 0.997407
0.730715 0.931106
0.808222 0.938034
0.805836 0.931106
</float_array>
          <technique_common>
            <accessor source="#SwitchHandle-lib-UV0-array" count="187" stride="2">
              <param name="S" type="float"/>
              <param name="T" type="float"/>
            </accessor>
          </technique_common>
        </source>
        <vertices id="SwitchHandle-lib-Vertex">
          <input semantic="POSITION" source="#SwitchHandle-lib-Position"/>
        </vertices>
        <polygons material="SwitchHandle" count="240">
          <input semantic="VERTEX" offset="0" source="#SwitchHandle-lib-Vertex"/>
          <input semantic="NORMAL" offset="1" source="#SwitchHandle-lib-Normal0"/>
          <input semantic="TEXCOORD" offset="2" set="0" source="#SwitchHandle-lib-UV0"/>
          <p>0 0 2 1 1 3 2 2 0</p>
          <p>2 3 0 3 4 1 0 5 2</p>
          <p>1 6 3 4 7 5 5 8 4</p>
          <p>5 9 4 2 10 0 1 11 3</p>
          <p>4 12 5 6 13 7 7 14 6</p>
          <p>7 15 6 5 16 4 4 17 5</p>
          <p>6 18 7 8 19 9 9 20 8</p>
          <p>9 21 8 7 22 6 6 23 7</p>
          <p>8 24 9 10 25 11 11 26 10</p>
          <p>11 27 10 9 28 8 8 29 9</p>
          <p>10 30 11 12 31 13 13 32 12</p>
          <p>13 33 12 11 34 10 10 35 11</p>
          <p>12 36 13 14 37 15 15 38 14</p>
          <p>15 39 14 13 40 12 12 41 13</p>
          <p>14 42 15 16 43 17 17 44 16</p>
          <p>17 45 16 15 46 14 14 47 15</p>
          <p>16 48 179 18 49 19 19 50 18</p>
          <p>19 51 18 17 52 178 16 53 179</p>
          <p>18 54 19 20 55 21 21 56 20</p>
          <p>21 57 20 19 58 18 18 59 19</p>
          <p>20 60 21 22 61 23 23 62 22</p>
          <p>23 63 22 21 64 20 20 65 21</p>
          <p>22 66 23 24 67 25 25 68 24</p>
          <p>25 69 24 23 70 22 22 71 23</p>
          <p>24 72 25 26 73 27 27 74 26</p>
          <p>27 75 26 25 76 24 24 77 25</p>
          <p>26 78 27 28 79 29 29 80 28</p>
          <p>29 81 28 27 82 26 26 83 27</p>
          <p>28 84 29 30 85 31 31 86 30</p>
          <p>31 87 30 29 88 28 28 89 29</p>
          <p>30 90 31 32 91 33 33 92 32</p>
          <p>33 93 32 31 94 30 30 95 31</p>
          <p>32 96 33 34 97 35 35 98 34</p>
          <p>35 99 34 33 100 32 32 101 33</p>
          <p>34 102 35 0 103 2 3 104 1</p>
          <p>3 105 1 35 106 34 34 107 35</p>
          <p>3 108 1 2 109 0 36 110 36</p>
          <p>36 111 36 37 112 37 3 113 1</p>
          <p>2 114 0 5 115 4 38 116 38</p>
          <p>38 117 38 36 118 36 2 119 0</p>
          <p>5 120 4 7 121 6 39 122 39</p>
          <p>39 123 39 38 124 38 5 125 4</p>
          <p>7 126 6 9 127 8 40 128 40</p>
          <p>40 129 40 39 130 39 7 131 6</p>
          <p>9 132 8 11 133 10 41 134 41</p>
          <p>41 135 41 40 136 40 9 137 8</p>
          <p>11 138 10 13 139 12 42 140 42</p>
          <p>42 141 42 41 142 41 11 143 10</p>
          <p>13 144 12 15 145 14 43 146 43</p>
          <p>43 147 43 42 148 42 13 149 12</p>
          <p>15 150 14 17 151 16 44 152 44</p>
          <p>44 153 44 43 154 43 15 155 14</p>
          <p>17 156 178 19 157 18 45 158 45</p>
          <p>45 159 45 44 160 180 17 161 178</p>
          <p>19 162 18 21 163 20 46 164 46</p>
          <p>46 165 46 45 166 45 19 167 18</p>
          <p>21 168 20 23 169 22 47 170 47</p>
          <p>47 171 47 46 172 46 21 173 20</p>
          <p>23 174 22 25 175 24 48 176 48</p>
          <p>48 177 48 47 178 47 23 179 22</p>
          <p>25 180 24 27 181 26 49 182 49</p>
          <p>49 183 49 48 184 48 25 185 24</p>
          <p>27 186 26 29 187 28 50 188 50</p>
          <p>50 189 50 49 190 49 27 191 26</p>
          <p>29 192 28 31 193 30 51 194 51</p>
          <p>51 195 51 50 196 50 29 197 28</p>
          <p>31 198 30 33 199 32 52 200 52</p>
          <p>52 201 52 51 202 51 31 203 30</p>
          <p>33 204 32 35 205 34 53 206 53</p>
          <p>53 207 53 52 208 52 33 209 32</p>
          <p>35 210 34 3 211 1 37 212 37</p>
          <p>37 213 37 53 214 53 35 215 34</p>
          <p>37 216 37 36 217 36 54 218 54</p>
          <p>54 219 54 55 220 55 37 221 37</p>
          <p>36 222 36 38 223 38 56 224 56</p>
          <p>56 225 56 54 226 54 36 227 36</p>
          <p>38 228 38 39 229 39 57 230 57</p>
          <p>57 231 57 56 232 56 38 233 38</p>
          <p>39 234 39 40 235 40 58 236 58</p>
          <p>58 237 58 57 238 57 39 239 39</p>
          <p>40 240 40 41 241 41 59 242 59</p>
          <p>59 243 59 58 244 58 40 245 40</p>
          <p>41 246 41 42 247 42 60 248 60</p>
          <p>60 249 60 59 250 59 41 251 41</p>
          <p>42 252 42 43 253 43 61 254 61</p>
          <p>61 255 61 60 256 60 42 257 42</p>
          <p>43 258 43 44 259 44 62 260 62</p>
          <p>62 261 62 61 262 61 43 263 43</p>
          <p>44 264 180 45 265 45 63 266 63</p>
          <p>63 267 63 62 268 181 44 269 180</p>
          <p>45 270 45 46 271 46 64 272 64</p>
          <p>64 273 64 63 274 63 45 275 45</p>
          <p>46 276 46 47 277 47 65 278 65</p>
          <p>65 279 65 64 280 64 46 281 46</p>
          <p>47 282 47 48 283 48 66 284 66</p>
          <p>66 285 66 65 286 65 47 287 47</p>
          <p>48 288 48 49 289 49 67 290 67</p>
          <p>67 291 67 66 292 66 48 293 48</p>
          <p>49 294 49 50 295 50 68 296 68</p>
          <p>68 297 68 67 298 67 49 299 49</p>
          <p>50 300 50 51 301 51 69 302 69</p>
          <p>69 303 69 68 304 68 50 305 50</p>
          <p>51 306 51 52 307 52 70 308 70</p>
          <p>70 309 70 69 310 69 51 311 51</p>
          <p>52 312 52 53 313 53 71 314 71</p>
          <p>71 315 71 70 316 70 52 317 52</p>
          <p>53 318 53 37 319 37 55 320 55</p>
          <p>55 321 55 71 322 71 53 323 53</p>
          <p>55 324 55 54 325 54 72 326 72</p>
          <p>72 327 72 73 328 73 55 329 55</p>
          <p>54 330 54 56 331 56 74 332 74</p>
          <p>74 333 74 72 334 72 54 335 54</p>
          <p>56 336 56 57 337 57 75 338 75</p>
          <p>75 339 75 74 340 74 56 341 56</p>
          <p>57 342 57 58 343 58 76 344 76</p>
          <p>76 345 76 75 346 75 57 347 57</p>
          <p>58 348 58 59 349 59 77 350 77</p>
          <p>77 351 77 76 352 76 58 353 58</p>
          <p>59 354 59 60 355 60 78 356 78</p>
          <p>78 357 78 77 358 77 59 359 59</p>
          <p>60 360 60 61 361 61 79 362 79</p>
          <p>79 363 79 78 364 78 60 365 60</p>
          <p>61 366 61 62 367 62 80 368 80</p>
          <p>80 369 80 79 370 79 61 371 61</p>
          <p>62 372 181 63 373 63 81 374 81</p>
          <p>81 375 81 80 376 182 62 377 181</p>
          <p>63 378 63 64 379 64 82 380 82</p>
          <p>82 381 82 81 382 81 63 383 63</p>
          <p>64 384 64 65 385 65 83 386 83</p>
          <p>83 387 83 82 388 82 64 389 64</p>
          <p>65 390 65 66 391 66 84 392 84</p>
          <p>84 393 84 83 394 83 65 395 65</p>
          <p>66 396 66 67 397 67 85 398 85</p>
          <p>85 399 85 84 400 84 66 401 66</p>
          <p>67 402 67 68 403 68 86 404 86</p>
          <p>86 405 86 85 406 85 67 407 67</p>
          <p>68 408 68 69 409 69 87 410 87</p>
          <p>87 411 87 86 412 86 68 413 68</p>
          <p>69 414 69 70 415 70 88 416 88</p>
          <p>88 417 88 87 418 87 69 419 69</p>
          <p>70 420 70 71 421 71 89 422 89</p>
          <p>89 423 89 88 424 88 70 425 70</p>
          <p>71 426 71 55 427 55 73 428 73</p>
          <p>73 429 73 89 430 89 71 431 71</p>
          <p>73 432 73 72 433 72 90 434 90</p>
          <p>90 435 90 91 436 91 73 437 73</p>
          <p>72 438 72 74 439 74 92 440 92</p>
          <p>92 441 92 90 442 90 72 443 72</p>
          <p>74 444 74 75 445 75 93 446 93</p>
          <p>93 447 93 92 448 92 74 449 74</p>
          <p>75 450 75 76 451 76 94 452 94</p>
          <p>94 453 94 93 454 93 75 455 75</p>
          <p>76 456 76 77 457 77 95 458 95</p>
          <p>95 459 95 94 460 94 76 461 76</p>
          <p>77 462 77 78 463 78 96 464 96</p>
          <p>96 465 96 95 466 95 77 467 77</p>
          <p>78 468 78 79 469 79 97 470 97</p>
          <p>97 471 97 96 472 96 78 473 78</p>
          <p>79 474 79 80 475 80 98 476 98</p>
          <p>98 477 98 97 478 97 79 479 79</p>
          <p>80 480 182 81 481 81 99 482 99</p>
          <p>99 483 99 98 484 183 80 485 182</p>
          <p>81 486 81 82 487 82 100 488 100</p>
          <p>100 489 100 99 490 99 81 491 81</p>
          <p>82 492 82 83 493 83 101 494 101</p>
          <p>101 495 101 100 496 100 82 497 82</p>
          <p>83 498 83 84 499 84 102 500 102</p>
          <p>102 501 102 101 502 101 83 503 83</p>
          <p>84 504 84 85 505 85 103 506 103</p>
          <p>103 507 103 102 508 102 84 509 84</p>
          <p>85 510 85 86 511 86 104 512 104</p>
          <p>104 513 104 103 514 103 85 515 85</p>
          <p>86 516 86 87 517 87 105 518 105</p>
          <p>105 519 105 104 520 104 86 521 86</p>
          <p>87 522 87 88 523 88 106 524 106</p>
          <p>106 525 106 105 526 105 87 527 87</p>
          <p>88 528 88 89 529 89 107 530 107</p>
          <p>107 531 107 106 532 106 88 533 88</p>
          <p>89 534 89 73 535 73 91 536 91</p>
          <p>91 537 91 107 538 107 89 539 89</p>
          <p>96 540 115 97 541 116 100 542 119</p>
          <p>100 543 119 101 544 120 96 545 115</p>
          <p>130 546 184 116 547 131 109 548 140</p>
          <p>109 549 140 108 550 128 130 551 184</p>
          <p>113 552 133 117 553 134 131 554 185</p>
          <p>131 555 185 112 556 132 113 557 133</p>
          <p>108 558 137 109 559 138 113 560 133</p>
          <p>113 561 133 112 562 132 108 563 137</p>
          <p>116 564 131 117 565 157 113 566 139</p>
          <p>113 567 139 109 568 140 116 569 131</p>
          <p>111 570 174 110 571 143 114 572 141</p>
          <p>114 573 141 115 574 142 111 575 174</p>
          <p>131 576 186 130 577 184 108 578 128</p>
          <p>108 579 128 112 580 108 131 581 186</p>
          <p>123 582 151 124 583 152 125 584 150</p>
          <p>125 585 150 122 586 136 123 587 151</p>
          <p>116 588 175 111 589 174 119 590 148</p>
          <p>119 591 148 118 592 177 116 593 175</p>
          <p>111 594 174 115 595 142 120 596 147</p>
          <p>120 597 147 119 598 148 111 599 174</p>
          <p>115 600 171 117 601 170 121 602 172</p>
          <p>121 603 172 120 604 173 115 605 171</p>
          <p>117 606 170 116 607 149 118 608 145</p>
          <p>118 609 145 121 610 172 117 611 170</p>
          <p>118 612 177 119 613 148 123 614 159</p>
          <p>123 615 159 122 616 176 118 617 177</p>
          <p>119 618 148 120 619 147 124 620 165</p>
          <p>124 621 165 123 622 166 119 623 148</p>
          <p>120 624 162 121 625 146 125 626 163</p>
          <p>125 627 163 124 628 164 120 629 162</p>
          <p>126 630 155 127 631 156 128 632 153</p>
          <p>128 633 153 129 634 154 126 635 155</p>
          <p>121 636 169 118 637 158 127 638 161</p>
          <p>127 639 161 126 640 168 121 641 169</p>
          <p>118 642 158 122 643 136 128 644 160</p>
          <p>128 645 160 127 646 161 118 647 158</p>
          <p>122 648 136 125 649 150 129 650 167</p>
          <p>129 651 167 128 652 160 122 653 136</p>
          <p>125 654 163 121 655 146 126 656 155</p>
          <p>126 657 155 129 658 154 125 659 163</p>
          <p>98 660 117 99 661 118 100 662 119</p>
          <p>100 663 119 97 664 116 98 665 117</p>
          <p>102 666 121 95 667 114 96 668 115</p>
          <p>96 669 115 101 670 120 102 671 121</p>
          <p>103 672 122 94 673 113 95 674 114</p>
          <p>95 675 114 102 676 121 103 677 122</p>
          <p>104 678 123 93 679 112 94 680 113</p>
          <p>94 681 113 103 682 122 104 683 123</p>
          <p>105 684 124 92 685 111 93 686 112</p>
          <p>93 687 112 104 688 123 105 689 124</p>
          <p>106 690 125 90 691 110 92 692 111</p>
          <p>92 693 111 105 694 124 106 695 125</p>
          <p>107 696 126 91 697 127 90 698 110</p>
          <p>90 699 110 106 700 125 107 701 126</p>
          <p>114 702 109 110 703 129 130 704 184</p>
          <p>130 705 184 131 706 186 114 707 109</p>
          <p>117 708 134 115 709 135 114 710 144</p>
          <p>114 711 144 131 712 185 117 713 134</p>
          <p>110 714 129 111 715 130 116 716 131</p>
          <p>116 717 131 130 718 184 110 719 129</p>
        </polygons>
      </mesh>
    </geometry>
  </library_geometries>
  <library_visual_scenes>
    <visual_scene id="RootNode" name="RootNode">
      <node id="SwitchMain" name="SwitchMain">
        <translate sid="translate">-0.006742 -0.025000 0.008321</translate>
        <rotate sid="jointOrientX">1 0 0 -90.000000</rotate>
        <scale sid="scale">0.069122 0.069122 0.069122</scale>
        <instance_geometry url="#SwitchMain-lib">
          <bind_material>
            <technique_common>
              <instance_material symbol="SwitchMain" target="#SwitchMain"/>
            </technique_common>
          </bind_material>
        </instance_geometry>
      </node>
      <node id="SwitchHandle" name="SwitchHandle">
        <translate sid="translate">0.000153 -0.085000 0.024833</translate>
        <rotate sid="jointOrientX">1 0 0 -90.000000</rotate>
        <rotate sid="rotateX">1 0 0 24.999998</rotate>
        <scale sid="scale">0.069122 0.069122 0.069122</scale>
        <instance_geometry url="#SwitchHandle-lib">
          <bind_material>
            <technique_common>
              <instance_material symbol="SwitchHandle" target="#SwitchHandle"/>
            </technique_common>
          </bind_material>
        </instance_geometry>
      </node>
    </visual_scene>
  </library_visual_scenes>
  <scene>
    <instance_visual_scene url="#RootNode"/>
  </scene>
</COLLADA>

